tradeId,ticker,direction,setup,netPnL,openTime,closeTime,rMultiple,mae_r,mfe_r,quantity,riskAmount,spread_pips_at_entry,commission_at_entry,pip_value_at_entry
demo-1,EURUSD,BUY,Breakout,89.13,1672732800000,1672786800000,0.59,-0.15,1.8,1,150.0,1.4,1.1,10.0
demo-2,GBPUSD,SELL,Pullback,55.1,1672788060000,1672831260000,0.4,-0.24,1.59,1,139.0,0.9,2.8,10.0
demo-3,USDJPY,BUY,Reversal,116.95,1672835460000,1672839060000,0.62,-0.96,0.86,1,188.0,1.1,2.1,8.0
demo-4,XAUUSD,SELL,CSV,-154.75,1672842360000,1673004360000,-1.05,-0.56,0.85,1,147.0,0.7,1.9,10.0
demo-5,NAS100,BUY,Breakout,-38.75,1673014500000,1673183700000,-0.3,-0.27,0.75,1,129.0,1.8,3.6,10.0
demo-6,EURUSD,SELL,Pullback,-127.66,1673193420000,1673369820000,-0.65,-0.4,0.57,1,196.0,1.6,3.1,10.0
demo-7,GBPUSD,BUY,Reversal,-63.87,1673374980000,1673410980000,-0.52,-0.49,0.71,1,123.0,1.6,3.5,10.0
demo-8,USDJPY,SELL,CSV,-60.83,1673421180000,1673449980000,-0.69,-0.11,0.85,1,88.0,0.9,2.5,8.0
demo-9,XAUUSD,SELL,Breakout,243.1,1673454360000,1673666760000,1.65,-0.56,1.81,1,147.0,1.9,2.2,10.0
demo-10,NAS100,BUY,Pullback,351.25,1673669820000,1673774220000,1.67,-0.87,0.43,1,210.0,1.7,2.3,10.0
demo-11,EURUSD,BUY,Reversal,-135.38,1673777220000,1673809620000,-0.76,-0.29,0.85,1,177.0,1.6,1.3,10.0
demo-12,GBPUSD,SELL,CSV,185.51,1673816400000,1674064800000,1.11,-0.48,2.29,1,167.0,2.0,3.3,10.0
demo-13,USDJPY,BUY,Breakout,352.36,1674069780000,1674303780000,1.47,-0.63,0.43,1,240.0,1.4,3.3,8.0
demo-14,XAUUSD,SELL,Pullback,89.49,1674306300000,1674551100000,0.38,-0.93,2.12,1,233.0,0.9,1.7,10.0
demo-15,NAS100,SELL,Reversal,-270.46,1674552000000,1674591600000,-1.33,-0.56,0.37,1,204.0,1.9,1.5,10.0
demo-16,EURUSD,SELL,CSV,-239.1,1674593760000,1674838560000,-1.27,-0.77,0.85,1,188.0,1.2,3.0,10.0
demo-17,GBPUSD,BUY,Breakout,166.17,1674848760000,1675021560000,0.78,-0.11,0.13,1,212.0,1.4,1.0,10.0
demo-18,USDJPY,SELL,Pullback,-115.97,1675029180000,1675057980000,-1.2,-0.12,0.63,1,97.0,0.9,1.4,8.0
demo-19,XAUUSD,SELL,Reversal,-92.35,1675062360000,1675281960000,-0.46,-0.14,0.85,1,201.0,1.2,3.6,10.0
demo-20,NAS100,BUY,CSV,170.56,1675286580000,1675311780000,1.62,-0.81,0.33,1,105.0,0.9,2.3,10.0
demo-21,EURUSD,BUY,Breakout,283.93,1675322580000,1675520580000,1.88,-0.12,1.95,1,151.0,0.7,4.0,10.0
demo-22,GBPUSD,BUY,Pullback,167.98,1675524240000,1675531440000,1.2,-0.25,1.01,1,140.0,0.8,1.0,10.0
demo-23,USDJPY,SELL,Reversal,307.53,1675533720000,1675713720000,1.57,-0.74,1.9,1,196.0,0.8,1.9,8.0
demo-24,XAUUSD,BUY,CSV,195.94,1675718640000,1675747440000,0.9,-0.1,1.19,1,218.0,0.7,2.5,10.0
demo-25,NAS100,BUY,Breakout,431.1,1675757220000,1675843620000,1.86,-0.43,2.26,1,232.0,1.4,1.1,10.0
demo-26,EURUSD,SELL,Pullback,-136.94,1675845540000,1675885140000,-0.6,-0.3,0.85,1,229.0,0.9,2.2,10.0
demo-27,GBPUSD,BUY,Reversal,-204.69,1675892460000,1676032860000,-1.28,-0.06,0.85,1,160.0,0.7,1.6,10.0
demo-28,USDJPY,SELL,CSV,-205.71,1676040780000,1676163180000,-1.22,-0.4,0.45,1,169.0,1.5,4.0,8.0
demo-29,XAUUSD,BUY,Breakout,333.92,1676166060000,1676410860000,1.51,-0.94,0.39,1,221.0,1.8,3.2,10.0
demo-30,NAS100,SELL,Pullback,-157.98,1676411880000,1676483880000,-1.04,-0.24,0.85,1,152.0,1.3,1.8,10.0
demo-31,EURUSD,SELL,Reversal,-56.12,1676488920000,1676514120000,-0.3,-0.37,0.38,1,188.0,0.8,2.3,10.0
demo-32,GBPUSD,BUY,CSV,164.31,1676516400000,1676714400000,2.0,-0.71,0.43,1,82.0,1.8,2.7,10.0
demo-33,USDJPY,BUY,Breakout,110.67,1676723880000,1676792280000,0.99,-0.94,2.34,1,112.0,1.9,1.6,8.0
demo-34,XAUUSD,BUY,Pullback,-207.83,1676799780000,1676914980000,-1.22,-0.44,0.85,1,170.0,1.9,1.7,10.0
demo-35,NAS100,BUY,Reversal,303.21,1676917440000,1676993040000,1.64,-0.37,2.24,1,185.0,1.0,3.4,10.0
demo-36,EURUSD,SELL,CSV,-44.03,1676996640000,1677047040000,-0.49,-0.83,0.85,1,89.0,1.7,3.6,10.0
demo-37,GBPUSD,SELL,Breakout,108.04,1677053760000,1677158160000,0.84,-0.12,1.87,1,129.0,1.5,2.2,10.0
demo-38,USDJPY,SELL,Pullback,178.19,1677159420000,1677407820000,2.05,-0.22,2.31,1,87.0,0.7,2.8,8.0
demo-39,XAUUSD,SELL,Reversal,-155.2,1677413760000,1677575760000,-0.81,-0.42,0.85,1,191.0,0.7,2.3,10.0
demo-40,NAS100,SELL,CSV,61.42,1677581460000,1677822660000,0.47,-0.68,0.85,1,130.0,1.5,1.4,10.0
demo-41,EURUSD,BUY,Breakout,-96.8,1677831780000,1677972180000,-0.61,-0.71,0.85,1,159.0,1.2,3.8,10.0
demo-42,GBPUSD,SELL,Pullback,294.5,1677980820000,1678063620000,1.31,-0.05,0.75,1,225.0,1.7,2.8,10.0
demo-43,USDJPY,BUY,Reversal,139.73,1678073940000,1678225140000,0.72,-0.5,2.17,1,193.0,1.5,1.9,8.0
demo-44,XAUUSD,BUY,CSV,-69.59,1678233180000,1678387980000,-0.5,-0.24,0.14,1,140.0,2.0,2.8,10.0
demo-45,NAS100,SELL,Breakout,-164.28,1678390260000,1678426260000,-0.88,-0.73,0.85,1,186.0,0.9,3.0,10.0
demo-46,EURUSD,BUY,Pullback,330.35,1678434120000,1678437720000,1.76,-0.71,1.16,1,188.0,1.9,1.4,10.0
demo-47,GBPUSD,SELL,Reversal,-194.57,1678440240000,1678505040000,-0.9,-0.95,0.85,1,215.0,1.8,2.6,10.0
demo-48,USDJPY,SELL,CSV,152.62,1678513020000,1678588620000,0.78,-0.66,1.86,1,195.0,1.5,1.8,8.0
demo-49,XAUUSD,BUY,Breakout,127.33,1678596780000,1678632780000,0.91,-0.56,0.4,1,140.0,1.1,1.5,10.0
demo-50,NAS100,SELL,Pullback,241.72,1678638060000,1678738860000,1.3,-0.44,0.56,1,186.0,1.1,3.3,10.0
demo-51,EURUSD,SELL,Reversal,353.96,1678740720000,1678751520000,2.0,-0.33,0.98,1,177.0,1.4,3.2,10.0
demo-52,GBPUSD,SELL,CSV,163.18,1678761240000,1678865640000,1.2,-0.42,1.63,1,136.0,1.6,3.5,10.0
demo-53,USDJPY,SELL,Breakout,224.54,1678873980000,1678935180000,1.04,-0.59,0.14,1,216.0,0.8,2.4,8.0
demo-54,XAUUSD,SELL,Pullback,202.79,1678945620000,1678970820000,1.15,-0.37,2.12,1,177.0,1.7,3.5,10.0
demo-55,NAS100,BUY,Reversal,258.8,1678975680000,1679094480000,1.29,-1.0,0.89,1,200.0,1.7,3.0,10.0
demo-56,EURUSD,BUY,CSV,-122.28,1679096580000,1679110980000,-0.93,-0.28,0.85,1,131.0,1.4,1.7,10.0
demo-57,GBPUSD,BUY,Breakout,-159.83,1679115660000,1679234460000,-1.31,-0.73,0.85,1,122.0,2.0,1.3,10.0
demo-58,USDJPY,BUY,Pullback,-296.01,1679241000000,1679255400000,-1.3,-0.43,0.85,1,227.0,1.4,3.5,8.0
demo-59,XAUUSD,BUY,Reversal,-142.94,1679261040000,1679376240000,-0.91,-0.17,0.85,1,157.0,1.1,2.3,10.0
demo-60,NAS100,SELL,CSV,-55.16,1679378700000,1679551500000,-0.26,-0.45,0.85,1,209.0,1.9,2.9,10.0
demo-61,EURUSD,SELL,Breakout,241.24,1679553420000,1679765820000,1.26,-0.67,1.51,1,191.0,1.3,3.5,10.0
demo-62,GBPUSD,SELL,Pullback,-49.04,1679769060000,1679895060000,-0.35,-0.89,0.65,1,142.0,1.4,3.0,10.0
demo-63,USDJPY,SELL,Reversal,-92.7,1679900880000,1680059280000,-0.45,-0.25,0.85,1,206.0,1.0,2.8,8.0
demo-64,XAUUSD,BUY,CSV,56.12,1680060600000,1680190200000,0.68,-0.28,1.02,1,82.0,1.6,2.9,10.0
demo-65,NAS100,SELL,Breakout,61.97,1680199620000,1680426420000,0.74,-0.71,0.79,1,84.0,1.3,2.6,10.0
demo-66,EURUSD,BUY,Pullback,187.62,1680434160000,1680632160000,1.14,-0.34,0.61,1,164.0,1.0,3.2,10.0
demo-67,GBPUSD,SELL,Reversal,-74.81,1680641460000,1680727860000,-0.55,-0.61,0.85,1,135.0,2.0,3.5,10.0
demo-68,USDJPY,BUY,CSV,64.46,1680731700000,1680868500000,0.37,-0.56,0.72,1,172.0,1.4,3.1,8.0
demo-69,XAUUSD,SELL,Breakout,76.15,1680872880000,1680934080000,0.37,-0.32,1.19,1,205.0,0.9,1.2,10.0
demo-70,NAS100,BUY,Pullback,46.05,1680944760000,1681167960000,0.48,-0.65,0.2,1,96.0,1.7,3.8,10.0
demo-71,EURUSD,SELL,Reversal,-77.86,1681170600000,1681210200000,-0.71,-0.62,0.85,1,110.0,1.2,2.3,10.0
demo-72,GBPUSD,BUY,CSV,-207.13,1681214880000,1681412880000,-0.92,-0.75,0.85,1,225.0,1.5,1.8,10.0
demo-73,USDJPY,SELL,Breakout,67.87,1681418460000,1681458060000,0.48,-0.05,1.13,1,141.0,1.0,1.7,8.0
demo-74,XAUUSD,BUY,Pullback,-124.1,1681461360000,1681594560000,-1.27,-0.8,0.85,1,98.0,1.2,2.6,10.0
demo-75,NAS100,SELL,Reversal,74.28,1681602420000,1681674420000,0.64,-0.34,1.82,1,116.0,1.2,2.4,10.0
demo-76,EURUSD,SELL,CSV,180.91,1681679400000,1681819800000,1.21,-0.13,0.17,1,149.0,1.6,2.8,10.0
demo-77,GBPUSD,SELL,Breakout,-161.4,1681826880000,1681841280000,-1.17,-0.6,0.85,1,138.0,1.4,3.3,10.0
demo-78,USDJPY,SELL,Pullback,-266.63,1681843560000,1681926360000,-1.26,-0.22,0.85,1,212.0,2.0,2.4,8.0
demo-79,XAUUSD,SELL,Reversal,-193.35,1681934460000,1682125260000,-1.19,-0.36,0.85,1,162.0,1.5,2.2,10.0
demo-80,NAS100,BUY,CSV,155.17,1682131260000,1682386860000,0.79,-0.16,1.87,1,196.0,1.5,2.6,10.0
demo-81,EURUSD,BUY,Breakout,184.27,1682388300000,1682579100000,1.44,-0.52,1.11,1,128.0,0.9,2.6,10.0
demo-82,GBPUSD,BUY,Pullback,418.81,1682580780000,1682713980000,2.05,-0.63,0.64,1,204.0,1.0,1.0,10.0
demo-83,USDJPY,BUY,Reversal,-171.83,1682721600000,1682912400000,-1.25,-0.49,0.35,1,137.0,1.3,3.1,8.0
demo-84,XAUUSD,SELL,CSV,-247.06,1682914680000,1683152280000,-1.33,-0.28,0.85,1,186.0,0.9,2.8,10.0
demo-85,NAS100,SELL,Breakout,-178.48,1683157320000,1683222120000,-1.19,-0.37,0.85,1,150.0,1.7,1.8,10.0
demo-86,EURUSD,SELL,Pullback,-179.8,1683224040000,1683364440000,-0.79,-0.19,0.85,1,228.0,1.1,3.3,10.0
demo-87,GBPUSD,SELL,Reversal,-215.27,1683374340000,1683550740000,-1.33,-0.28,0.85,1,162.0,0.7,3.2,10.0
demo-88,USDJPY,BUY,CSV,48.94,1683558600000,1683735000000,0.41,-0.53,1.45,1,118.0,1.8,2.3,8.0
demo-89,XAUUSD,SELL,Breakout,-58.18,1683741780000,1683986580000,-0.7,-0.67,0.44,1,83.0,1.7,1.8,10.0
demo-90,NAS100,SELL,Pullback,-196.03,1683994440000,1684178040000,-1.2,-0.41,0.81,1,164.0,1.8,1.1,10.0
demo-91,EURUSD,BUY,Reversal,-163.93,1684180140000,1684212540000,-1.07,-0.46,0.31,1,153.0,1.2,3.1,10.0
demo-92,GBPUSD,SELL,CSV,-93.35,1684217040000,1684231440000,-0.57,-0.41,0.42,1,163.0,1.4,3.4,10.0
demo-93,USDJPY,BUY,Breakout,-67.08,1684233000000,1684312200000,-0.67,-0.7,0.85,1,100.0,0.9,2.9,8.0
demo-94,XAUUSD,BUY,Pullback,-62.47,1684315740000,1684528140000,-0.76,-0.32,0.85,1,82.0,1.2,2.0,10.0
demo-95,NAS100,SELL,Reversal,-141.47,1684532940000,1684673340000,-0.75,-0.34,0.85,1,188.0,0.7,2.1,10.0
demo-96,EURUSD,SELL,CSV,-89.09,1684684020000,1684849620000,-0.57,-0.98,0.85,1,155.0,0.6,3.6,10.0
demo-97,GBPUSD,SELL,Breakout,-257.35,1684859340000,1684884540000,-1.24,-0.79,0.61,1,207.0,0.9,1.6,10.0
demo-98,USDJPY,BUY,Pullback,347.53,1684894740000,1685013540000,1.45,-0.09,1.91,1,240.0,1.4,3.2,8.0
demo-99,XAUUSD,SELL,Reversal,-72.24,1685016540000,1685059740000,-0.44,-0.18,0.85,1,163.0,1.3,3.7,10.0
demo-100,NAS100,SELL,CSV,-116.66,1685065140000,1685144340000,-0.57,-0.88,0.85,1,203.0,1.9,1.4,10.0
demo-101,EURUSD,SELL,Breakout,384.88,1685149140000,1685253540000,1.73,-0.06,1.32,1,222.0,1.1,3.2,10.0
demo-102,GBPUSD,BUY,Pullback,-227.32,1685260500000,1685382900000,-1.28,-0.15,0.62,1,177.0,1.5,3.8,10.0
demo-103,USDJPY,SELL,Reversal,-129.06,1685392740000,1685543940000,-0.95,-0.49,0.85,1,136.0,0.8,1.1,8.0
demo-104,XAUUSD,SELL,CSV,156.75,1685554200000,1685572200000,0.76,-0.56,0.98,1,206.0,1.5,3.2,10.0
demo-105,NAS100,SELL,Breakout,-96.59,1685577720000,1685829720000,-0.42,-0.44,0.31,1,230.0,1.5,3.8,10.0
demo-106,EURUSD,SELL,Pullback,196.31,1685837040000,1685966640000,1.13,-0.27,0.92,1,174.0,1.4,3.9,10.0
demo-107,GBPUSD,BUY,Reversal,370.03,1685968020000,1686133620000,2.04,-0.95,1.99,1,181.0,1.5,2.9,10.0
demo-108,USDJPY,BUY,CSV,94.11,1686135420000,1686146220000,0.57,-0.59,0.24,1,165.0,1.4,3.4,8.0
demo-109,XAUUSD,BUY,Breakout,-105.95,1686147840000,1686255840000,-0.91,-0.31,0.85,1,117.0,1.4,3.4,10.0
demo-110,NAS100,BUY,Pullback,195.77,1686261780000,1686315780000,1.73,-0.28,0.83,1,113.0,1.0,1.4,10.0
demo-111,EURUSD,BUY,Reversal,-84.35,1686317040000,1686511440000,-0.77,-0.79,0.85,1,109.0,1.2,1.7,10.0
demo-112,GBPUSD,SELL,CSV,319.82,1686520380000,1686541980000,2.04,-0.11,1.19,1,157.0,1.2,1.3,10.0
demo-113,USDJPY,SELL,Breakout,60.96,1686550860000,1686756060000,0.61,-0.17,1.53,1,100.0,1.1,2.8,8.0
demo-114,XAUUSD,BUY,Pullback,-75.05,1686758040000,1686894840000,-0.36,-0.72,0.85,1,209.0,1.2,3.7,10.0
demo-115,NAS100,SELL,Reversal,318.86,1686902700000,1687093500000,1.63,-0.35,0.81,1,196.0,1.1,1.5,10.0
demo-116,EURUSD,BUY,CSV,-36.31,1687099560000,1687319160000,-0.35,-0.14,0.85,1,103.0,1.4,2.8,10.0
demo-117,GBPUSD,SELL,Breakout,-115.11,1687321080000,1687580280000,-0.7,-0.88,0.85,1,164.0,1.8,3.2,10.0
demo-118,USDJPY,BUY,Pullback,216.46,1687589760000,1687722960000,1.36,-0.25,1.6,1,159.0,1.8,2.1,8.0
demo-119,XAUUSD,BUY,Reversal,-96.08,1687733040000,1687992240000,-0.88,-0.82,0.85,1,109.0,1.5,3.0,10.0
demo-120,NAS100,BUY,CSV,212.21,1687998780000,1688124780000,1.68,-0.93,0.89,1,126.0,1.8,2.7,10.0
demo-121,EURUSD,SELL,Breakout,-153.0,1688126100000,1688313300000,-1.32,-0.14,0.85,1,116.0,1.2,2.0,10.0
demo-122,GBPUSD,BUY,Pullback,-142.52,1688315220000,1688488020000,-0.87,-0.13,0.2,1,163.0,1.7,1.1,10.0
demo-123,USDJPY,BUY,Reversal,-151.36,1688493660000,1688533260000,-0.78,-0.47,0.71,1,193.0,1.1,1.3,8.0
demo-124,XAUUSD,SELL,CSV,164.59,1688538300000,1688765100000,1.04,-0.62,0.1,1,158.0,1.9,3.3,10.0
demo-125,NAS100,BUY,Breakout,198.93,1688774040000,1688892840000,1.22,-0.46,0.38,1,163.0,1.3,3.5,10.0
demo-126,EURUSD,SELL,Pullback,-53.67,1688898180000,1689063780000,-0.3,-0.07,0.85,1,181.0,1.4,2.7,10.0
demo-127,GBPUSD,SELL,Reversal,222.45,1689065760000,1689260160000,2.04,-0.21,2.28,1,109.0,1.8,3.8,10.0
demo-128,USDJPY,SELL,CSV,147.72,1689265500000,1689308700000,1.38,-0.55,1.0,1,107.0,1.6,1.7,8.0
demo-129,XAUUSD,SELL,Breakout,-175.07,1689316260000,1689395460000,-0.83,-0.23,0.85,1,210.0,1.6,3.5,10.0
demo-130,NAS100,BUY,Pullback,73.69,1689397500000,1689465900000,0.7,-0.62,1.84,1,106.0,0.8,3.3,10.0
demo-131,EURUSD,SELL,Reversal,-166.61,1689470400000,1689700800000,-0.74,-0.93,0.85,1,224.0,1.8,2.9,10.0
demo-132,GBPUSD,SELL,CSV,141.13,1689708780000,1689780780000,1.45,-0.81,1.45,1,97.0,1.3,1.9,10.0
demo-133,USDJPY,BUY,Breakout,80.12,1689788400000,1689997200000,0.85,-0.66,2.35,1,94.0,1.5,2.5,8.0
demo-134,XAUUSD,BUY,Pullback,-234.88,1689998640000,1690214640000,-1.06,-0.09,0.85,1,221.0,1.1,2.4,10.0
demo-135,NAS100,BUY,Reversal,375.08,1690224420000,1690296420000,1.92,-0.38,1.74,1,195.0,0.7,3.1,10.0
demo-136,EURUSD,SELL,CSV,-138.51,1690298220000,1690503420000,-0.65,-0.92,0.85,1,213.0,1.6,1.2,10.0
demo-137,GBPUSD,BUY,Breakout,252.09,1690512360000,1690667160000,1.54,-0.32,1.76,1,164.0,1.1,2.7,10.0
demo-138,USDJPY,BUY,Pullback,-161.91,1690669020000,1690737420000,-1.02,-0.42,0.85,1,159.0,1.0,2.1,8.0
demo-139,XAUUSD,SELL,Reversal,325.99,1690743660000,1690898460000,1.52,-0.53,0.12,1,214.0,0.9,1.6,10.0
demo-140,NAS100,BUY,CSV,-57.6,1690901280000,1691128080000,-0.42,-0.33,0.85,1,137.0,1.5,3.6,10.0
demo-141,EURUSD,BUY,Breakout,117.3,1691131920000,1691193120000,0.67,-0.71,1.53,1,176.0,1.6,1.1,10.0
demo-142,GBPUSD,BUY,Pullback,-207.98,1691203140000,1691372340000,-1.08,-0.79,0.62,1,193.0,1.0,3.4,10.0
demo-143,USDJPY,SELL,Reversal,-152.68,1691376840000,1691596440000,-0.88,-0.47,0.85,1,174.0,1.3,2.3,8.0
demo-144,XAUUSD,BUY,CSV,184.28,1691600280000,1691675880000,0.79,-0.66,2.11,1,234.0,1.6,2.5,10.0
demo-145,NAS100,SELL,Breakout,-55.56,1691679840000,1691737440000,-0.55,-0.91,0.42,1,101.0,0.7,3.7,10.0
demo-146,EURUSD,BUY,Pullback,89.77,1691742660000,1691951460000,1.04,-0.41,0.98,1,86.0,1.1,1.1,10.0
demo-147,GBPUSD,BUY,Reversal,99.69,1691957700000,1692004500000,0.85,-0.84,1.69,1,117.0,1.7,2.4,10.0
demo-148,USDJPY,SELL,CSV,152.14,1692010500000,1692014100000,1.81,-0.57,1.77,1,84.0,0.8,1.9,8.0
demo-149,XAUUSD,SELL,Breakout,135.07,1692016200000,1692156600000,1.47,-0.64,0.23,1,92.0,1.4,1.0,10.0
demo-150,NAS100,SELL,Pullback,-80.43,1692159360000,1692396960000,-0.57,-0.05,0.85,1,141.0,0.9,3.0,10.0
demo-151,EURUSD,BUY,Reversal,-82.3,1692406680000,1692651480000,-0.85,-0.8,0.85,1,97.0,1.1,2.4,10.0
demo-152,GBPUSD,BUY,CSV,-92.56,1692657900000,1692837900000,-0.64,-0.11,0.64,1,144.0,1.7,3.2,10.0
demo-153,USDJPY,SELL,Breakout,85.76,1692844500000,1692999300000,0.94,-0.66,2.01,1,91.0,2.0,2.4,8.0
demo-154,XAUUSD,BUY,Pullback,-123.64,1693002240000,1693088640000,-1.29,-0.09,0.55,1,96.0,1.8,1.9,10.0
demo-155,NAS100,BUY,Reversal,-153.37,1693091580000,1693235580000,-0.85,-0.29,0.85,1,181.0,1.0,3.6,10.0
demo-156,EURUSD,SELL,CSV,148.11,1693244340000,1693269540000,0.99,-0.9,1.8,1,149.0,1.1,1.6,10.0
demo-157,GBPUSD,BUY,Breakout,104.85,1693275480000,1693505880000,0.49,-0.45,1.08,1,212.0,1.4,2.0,10.0
demo-158,USDJPY,SELL,Pullback,217.71,1693512420000,1693552020000,1.4,-0.45,1.68,1,155.0,1.2,3.2,8.0
demo-159,XAUUSD,SELL,Reversal,394.42,1693557900000,1693723500000,2.07,-0.95,0.25,1,191.0,1.1,3.4,10.0
demo-160,NAS100,BUY,CSV,-115.52,1693733820000,1693809420000,-1.0,-0.47,0.37,1,116.0,1.7,2.1,10.0
demo-161,EURUSD,BUY,Breakout,-87.73,1693810740000,1693990740000,-1.0,-0.95,0.85,1,88.0,1.4,2.6,10.0
demo-162,GBPUSD,SELL,Pullback,82.83,1694000340000,1694183940000,0.55,-0.75,1.24,1,151.0,1.9,1.4,10.0
demo-163,USDJPY,BUY,Reversal,-75.59,1694189640000,1694312040000,-0.56,-0.92,0.85,1,134.0,0.8,1.2,8.0
demo-164,XAUUSD,BUY,CSV,-134.06,1694319780000,1694402580000,-1.31,-0.99,0.85,1,102.0,1.4,1.9,10.0
demo-165,NAS100,BUY,Breakout,-100.39,1694410260000,1694550660000,-0.81,-0.17,0.55,1,124.0,0.9,2.5,10.0
demo-166,EURUSD,BUY,Pullback,396.95,1694553960000,1694723160000,1.76,-0.57,1.5,1,226.0,0.7,2.2,10.0
demo-167,GBPUSD,BUY,Reversal,-213.8,1694732520000,1694955720000,-1.16,-0.12,0.85,1,185.0,1.2,3.0,10.0
demo-168,USDJPY,BUY,CSV,-99.49,1694964660000,1695126660000,-0.45,-0.97,0.85,1,221.0,1.8,2.6,8.0
demo-169,XAUUSD,SELL,Breakout,192.55,1695129480000,1695269880000,1.59,-0.38,2.26,1,121.0,1.8,1.8,10.0
demo-170,NAS100,BUY,Pullback,-103.7,1695273300000,1695528900000,-0.93,-0.14,0.85,1,112.0,0.8,2.9,10.0
demo-171,EURUSD,SELL,Reversal,-25.31,1695534000000,1695692400000,-0.28,-0.09,0.85,1,90.0,1.5,3.3,10.0
demo-172,GBPUSD,SELL,CSV,125.94,1695701940000,1695896340000,1.45,-0.33,2.3,1,87.0,0.9,3.4,10.0
demo-173,USDJPY,BUY,Breakout,89.15,1695906720000,1696093920000,0.45,-0.47,1.2,1,196.0,1.1,1.4,8.0
demo-174,XAUUSD,SELL,Pullback,181.72,1696099380000,1696246980000,1.0,-0.58,0.82,1,182.0,0.8,2.3,10.0
demo-175,NAS100,BUY,Reversal,94.05,1696253160000,1696321560000,1.02,-0.63,0.66,1,92.0,1.7,3.8,10.0
demo-176,EURUSD,BUY,CSV,150.09,1696323900000,1696471500000,1.25,-0.52,0.8,1,120.0,0.7,2.2,10.0
demo-177,GBPUSD,SELL,Breakout,-40.98,1696475280000,1696687680000,-0.3,-0.32,0.85,1,135.0,1.0,1.0,10.0
demo-178,USDJPY,SELL,Pullback,-119.73,1696692240000,1696742640000,-1.05,-0.78,0.85,1,114.0,0.7,2.7,8.0
demo-179,XAUUSD,BUY,Reversal,188.56,1696750140000,1696919340000,1.23,-0.78,0.73,1,153.0,0.8,1.3,10.0
demo-180,NAS100,BUY,CSV,-239.86,1696928700000,1697101500000,-1.08,-0.24,0.85,1,222.0,0.7,1.4,10.0
demo-181,EURUSD,SELL,Breakout,299.12,1697107560000,1697262360000,1.41,-0.54,0.84,1,212.0,0.8,4.0,10.0
demo-182,GBPUSD,SELL,Pullback,206.17,1697270520000,1697410920000,1.24,-0.52,1.39,1,166.0,1.7,2.1,10.0
demo-183,USDJPY,SELL,Reversal,440.33,1697420880000,1697474880000,1.92,-0.88,1.54,1,229.0,1.0,3.0,8.0
demo-184,XAUUSD,SELL,CSV,290.24,1697482140000,1697590140000,1.27,-0.74,1.88,1,229.0,0.8,3.0,10.0
demo-185,NAS100,BUY,Breakout,121.16,1697591820000,1697609820000,1.12,-0.45,1.04,1,108.0,1.2,3.3,10.0
demo-186,EURUSD,SELL,Pullback,153.13,1697619480000,1697839080000,1.33,-1.0,1.19,1,115.0,1.0,1.5,10.0
demo-187,GBPUSD,SELL,Reversal,372.52,1697840880000,1698089280000,1.7,-0.73,1.57,1,219.0,1.5,1.6,10.0
demo-188,USDJPY,BUY,CSV,443.47,1698095400000,1698210600000,2.0,-0.98,1.87,1,222.0,1.6,2.5,8.0
demo-189,XAUUSD,SELL,Breakout,-250.86,1698215760000,1698438960000,-1.12,-0.31,0.36,1,223.0,1.9,2.2,10.0
demo-190,NAS100,SELL,Pullback,311.36,1698445200000,1698607200000,2.02,-0.13,2.22,1,154.0,1.6,1.6,10.0
demo-191,EURUSD,BUY,Reversal,-89.42,1698610320000,1698858720000,-0.4,-0.63,0.85,1,223.0,0.7,3.7,10.0
demo-192,GBPUSD,BUY,CSV,149.19,1698863760000,1698968160000,1.07,-0.73,0.31,1,139.0,0.6,2.7,10.0
demo-193,USDJPY,BUY,Breakout,140.51,1698978840000,1699054440000,0.7,-0.97,0.83,1,201.0,1.9,1.3,8.0
demo-194,XAUUSD,BUY,Pullback,-39.39,1699061580000,1699169580000,-0.44,-0.89,0.49,1,89.0,2.0,2.2,10.0
demo-195,NAS100,SELL,Reversal,-40.07,1699178640000,1699409040000,-0.26,-0.59,0.33,1,154.0,1.0,4.0,10.0
demo-196,EURUSD,BUY,CSV,-81.91,1699412760000,1699664760000,-0.4,-0.53,0.71,1,206.0,1.1,3.2,10.0
demo-197,GBPUSD,BUY,Breakout,-92.95,1699673700000,1699792500000,-1.12,-0.59,0.85,1,83.0,1.5,2.9,10.0
demo-198,USDJPY,SELL,Pullback,221.86,1699796220000,1699983420000,1.05,-0.14,2.36,1,211.0,1.1,1.7,8.0
demo-199,XAUUSD,BUY,Reversal,114.41,1699990860000,1700113260000,0.82,-0.36,1.43,1,140.0,1.0,2.1,10.0
demo-200,NAS100,SELL,CSV,69.25,1700120040000,1700231640000,0.63,-0.7,2.22,1,110.0,1.6,2.9,10.0
demo-201,EURUSD,SELL,Breakout,480.02,1700233440000,1700370240000,2.03,-0.5,1.14,1,237.0,1.2,2.6,10.0
demo-202,GBPUSD,SELL,Pullback,-134.78,1700376780000,1700596380000,-1.0,-0.62,0.85,1,135.0,1.3,2.1,10.0
demo-203,USDJPY,SELL,Reversal,-103.92,1700605500000,1700659500000,-0.47,-0.56,0.46,1,220.0,0.8,1.6,8.0
demo-204,XAUUSD,BUY,CSV,93.95,1700661300000,1700888100000,0.45,-0.18,1.04,1,210.0,1.4,3.0,10.0
demo-205,NAS100,SELL,Breakout,64.31,1700890380000,1701034380000,0.36,-0.26,0.25,1,181.0,1.1,1.2,10.0
demo-206,EURUSD,SELL,Pullback,213.1,1701035580000,1701064380000,1.07,-0.78,1.86,1,200.0,1.1,3.7,10.0
demo-207,GBPUSD,SELL,Reversal,358.56,1701066300000,1701275100000,2.04,-0.88,0.39,1,176.0,0.8,4.0,10.0
demo-208,USDJPY,SELL,CSV,-55.44,1701281760000,1701465360000,-0.49,-0.05,0.13,1,112.0,1.2,3.2,8.0
demo-209,XAUUSD,BUY,Breakout,-92.44,1701474360000,1701672360000,-0.52,-0.38,0.72,1,177.0,0.6,3.0,10.0
demo-210,NAS100,BUY,Pullback,183.4,1701681420000,1701692220000,1.39,-0.47,1.64,1,132.0,0.9,1.1,10.0
demo-211,EURUSD,SELL,Reversal,405.81,1701696780000,1701901980000,1.86,-0.1,1.25,1,218.0,0.9,3.7,10.0
demo-212,GBPUSD,BUY,CSV,-268.0,1701906420000,1702054020000,-1.15,-0.28,0.85,1,233.0,1.2,1.8,10.0
demo-213,USDJPY,SELL,Breakout,-89.27,1702063740000,1702322940000,-0.72,-0.52,0.85,1,124.0,1.7,2.0,8.0
demo-214,XAUUSD,BUY,Pullback,79.27,1702332900000,1702527300000,0.67,-0.56,0.64,1,118.0,1.0,3.1,10.0
demo-215,NAS100,SELL,Reversal,240.59,1702534440000,1702750440000,1.08,-0.55,0.98,1,223.0,0.9,2.9,10.0
demo-216,EURUSD,BUY,CSV,-119.72,1702752180000,1702960980000,-1.16,-0.1,0.85,1,103.0,1.8,1.6,10.0
demo-217,GBPUSD,BUY,Breakout,391.34,1702967520000,1703226720000,1.94,-0.34,2.19,1,202.0,1.9,3.9,10.0
demo-218,USDJPY,SELL,Pullback,-145.43,1703230920000,1703288520000,-1.02,-0.43,0.64,1,142.0,1.7,2.1,8.0
demo-219,XAUUSD,SELL,Reversal,197.09,1703296740000,1703545140000,1.25,-0.52,0.31,1,158.0,1.7,2.0,10.0
demo-220,NAS100,SELL,CSV,213.51,1703551500000,1703648700000,1.33,-0.26,0.42,1,160.0,1.4,2.8,10.0
demo-221,EURUSD,SELL,Breakout,89.55,1703655240000,1703849640000,0.75,-0.59,0.65,1,119.0,1.0,3.5,10.0
demo-222,GBPUSD,BUY,Pullback,-78.4,1703855040000,1704081840000,-0.64,-0.18,0.85,1,123.0,1.9,2.6,10.0
demo-223,USDJPY,BUY,Reversal,-29.2,1704089760000,1704118560000,-0.33,-0.83,0.19,1,88.0,1.2,3.5,8.0
demo-224,XAUUSD,SELL,CSV,145.73,1704127500000,1704235500000,1.24,-0.4,1.51,1,118.0,1.5,1.0,10.0
demo-225,NAS100,BUY,Breakout,236.15,1704237420000,1704485820000,1.28,-0.31,2.35,1,185.0,1.3,3.1,10.0
demo-226,EURUSD,SELL,Pullback,-88.47,1704495180000,1704696780000,-0.83,-0.28,0.85,1,107.0,1.7,1.8,10.0
demo-227,GBPUSD,SELL,Reversal,-132.11,1704700380000,1704883980000,-0.75,-0.28,0.85,1,175.0,1.6,3.5,10.0
demo-228,USDJPY,BUY,CSV,241.05,1704886080000,1704904080000,1.32,-0.1,0.1,1,183.0,0.7,3.5,8.0
demo-229,XAUUSD,SELL,Breakout,-131.15,1704906360000,1705061160000,-1.26,-0.27,0.85,1,104.0,1.0,3.8,10.0
demo-230,NAS100,BUY,Pullback,-100.19,1705070700000,1705200300000,-0.45,-0.86,0.12,1,224.0,1.4,3.3,10.0
demo-231,EURUSD,SELL,Reversal,120.25,1705209540000,1705393140000,0.77,-0.84,0.98,1,156.0,1.1,3.2,10.0
demo-232,GBPUSD,SELL,CSV,187.3,1705395180000,1705434780000,1.11,-0.85,0.87,1,168.0,2.0,2.0,10.0
demo-233,USDJPY,SELL,Breakout,270.15,1705443360000,1705569360000,1.32,-0.41,0.51,1,205.0,0.7,2.9,8.0
demo-234,XAUUSD,SELL,Pullback,102.51,1705577160000,1705692360000,1.01,-0.79,0.44,1,101.0,1.0,1.3,10.0
demo-235,NAS100,SELL,Reversal,158.66,1705694340000,1705697940000,0.82,-0.18,0.51,1,193.0,1.4,2.5,10.0
demo-236,EURUSD,SELL,CSV,52.31,1705703520000,1705753920000,0.51,-0.62,0.83,1,102.0,0.6,2.2,10.0
demo-237,GBPUSD,SELL,Breakout,-61.99,1705755180000,1705794780000,-0.44,-0.41,0.4,1,142.0,1.0,1.4,10.0
demo-238,USDJPY,BUY,Pullback,179.61,1705804260000,1705883460000,1.2,-0.12,0.66,1,150.0,1.6,2.5,8.0
demo-239,XAUUSD,SELL,Reversal,38.72,1705891020000,1705984620000,0.36,-0.43,2.03,1,107.0,1.7,2.0,10.0
demo-240,NAS100,SELL,CSV,211.39,1705992540000,1706147340000,0.91,-0.95,0.55,1,232.0,0.8,2.2,10.0
demo-241,EURUSD,SELL,Breakout,-227.59,1706154840000,1706302440000,-1.11,-0.36,0.73,1,205.0,1.1,3.8,10.0
demo-242,GBPUSD,BUY,Pullback,370.84,1706307780000,1706401380000,1.69,-0.08,1.77,1,219.0,1.2,1.9,10.0
demo-243,USDJPY,SELL,Reversal,182.15,1706411340000,1706443740000,0.88,-0.29,0.44,1,207.0,1.7,1.2,8.0
demo-244,XAUUSD,BUY,CSV,-230.38,1706450880000,1706674080000,-1.27,-0.88,0.85,1,182.0,1.7,2.1,10.0
demo-245,NAS100,BUY,Breakout,79.22,1706683920000,1706932320000,0.78,-0.68,0.47,1,101.0,1.4,2.9,10.0
demo-246,EURUSD,BUY,Pullback,99.29,1706942340000,1707129540000,0.52,-0.26,1.81,1,190.0,1.2,2.2,10.0
demo-247,GBPUSD,BUY,Reversal,-131.22,1707135480000,1707369480000,-0.78,-0.33,0.85,1,168.0,0.8,3.8,10.0
demo-248,USDJPY,BUY,CSV,273.87,1707372660000,1707441060000,1.72,-0.55,0.89,1,159.0,1.2,3.1,8.0
demo-249,XAUUSD,BUY,Breakout,248.64,1707447300000,1707594900000,1.59,-0.07,0.88,1,156.0,1.5,1.5,10.0
demo-250,NAS100,SELL,Pullback,-76.15,1707596820000,1707712020000,-0.61,-0.46,0.85,1,124.0,1.5,1.6,10.0
demo-251,EURUSD,BUY,Reversal,-106.26,1707720840000,1707922440000,-1.22,-0.48,0.85,1,87.0,1.6,1.6,10.0
demo-252,GBPUSD,BUY,CSV,-89.1,1707929400000,1707961800000,-0.84,-0.4,0.54,1,106.0,1.0,3.6,10.0
demo-253,USDJPY,SELL,Breakout,-147.59,1707971520000,1708216320000,-0.92,-0.61,0.85,1,160.0,1.5,3.4,8.0
demo-254,XAUUSD,BUY,Pullback,135.0,1708227000000,1708367400000,0.58,-0.16,0.79,1,231.0,1.1,1.4,10.0
demo-255,NAS100,BUY,Reversal,236.99,1708377720000,1708557720000,1.02,-0.23,1.55,1,232.0,1.4,2.5,10.0
demo-256,EURUSD,SELL,CSV,-149.02,1708565040000,1708629840000,-0.93,-0.87,0.85,1,160.0,0.8,3.4,10.0
demo-257,GBPUSD,BUY,Breakout,249.37,1708633560000,1708892760000,1.21,-0.72,1.11,1,206.0,0.7,1.1,10.0
demo-258,USDJPY,SELL,Pullback,113.59,1708901400000,1709005800000,1.29,-0.21,1.14,1,88.0,1.4,1.3,8.0
demo-259,XAUUSD,SELL,Reversal,-143.13,1709011140000,1709065140000,-0.65,-0.83,0.18,1,219.0,1.4,4.0,10.0
demo-260,NAS100,BUY,CSV,-44.53,1709070120000,1709120520000,-0.29,-0.3,0.85,1,156.0,1.2,4.0,10.0
demo-261,EURUSD,BUY,Breakout,-275.35,1709125200000,1709236800000,-1.2,-0.63,0.85,1,230.0,1.7,3.4,10.0
demo-262,GBPUSD,SELL,Pullback,-153.21,1709240880000,1709269680000,-0.91,-0.21,0.85,1,169.0,1.0,1.8,10.0
demo-263,USDJPY,BUY,Reversal,-127.03,1709279280000,1709516880000,-1.11,-0.92,0.85,1,114.0,1.6,1.4,8.0
demo-264,XAUUSD,SELL,CSV,-142.12,1709519220000,1709587620000,-0.99,-0.51,0.85,1,143.0,1.5,2.1,10.0
demo-265,NAS100,SELL,Breakout,171.2,1709593440000,1709629440000,1.66,-0.71,2.12,1,103.0,1.9,2.0,10.0
demo-266,EURUSD,SELL,Pullback,-200.35,1709640060000,1709643660000,-1.02,-0.86,0.85,1,197.0,0.9,2.3,10.0
demo-267,GBPUSD,SELL,Reversal,125.25,1709645940000,1709746740000,0.85,-0.57,0.38,1,148.0,1.7,3.7,10.0
demo-268,USDJPY,BUY,CSV,-122.89,1709755200000,1709780400000,-1.17,-0.07,0.85,1,105.0,1.2,1.0,8.0
demo-269,XAUUSD,BUY,Breakout,-65.77,1709781960000,1709979960000,-0.58,-0.88,0.85,1,113.0,1.5,1.8,10.0
demo-270,NAS100,BUY,Pullback,82.27,1709983920000,1710156720000,0.88,-0.71,0.62,1,93.0,1.6,1.0,10.0
demo-271,EURUSD,SELL,Reversal,-92.82,1710160140000,1710383340000,-0.82,-0.47,0.1,1,113.0,1.7,4.0,10.0
demo-272,GBPUSD,SELL,CSV,206.12,1710385380000,1710583380000,1.02,-0.74,0.32,1,202.0,1.1,1.9,10.0
demo-273,USDJPY,SELL,Breakout,154.95,1710586260000,1710762660000,1.34,-0.63,0.46,1,116.0,1.6,2.9,8.0
demo-274,XAUUSD,BUY,Pullback,-283.44,1710765600000,1710837600000,-1.2,-0.13,0.31,1,237.0,1.4,2.2,10.0
demo-275,NAS100,SELL,Reversal,169.98,1710844800000,1711042800000,1.48,-0.29,1.47,1,115.0,1.7,3.1,10.0
demo-276,EURUSD,BUY,CSV,-96.99,1711048500000,1711188900000,-0.46,-0.42,0.85,1,212.0,1.3,1.3,10.0
demo-277,GBPUSD,SELL,Breakout,442.02,1711192920000,1711423320000,1.91,-0.06,0.92,1,232.0,0.8,3.6,10.0
demo-278,USDJPY,BUY,Pullback,-238.49,1711434000000,1711628400000,-1.09,-0.96,0.85,1,219.0,1.4,1.0,8.0
demo-279,XAUUSD,SELL,Reversal,-65.34,1711634880000,1711735680000,-0.69,-0.32,0.85,1,95.0,1.2,2.2,10.0
demo-280,NAS100,BUY,CSV,117.62,1711737180000,1711985580000,0.5,-0.13,2.22,1,237.0,1.4,2.2,10.0
demo-281,EURUSD,SELL,Breakout,-225.59,1711994700000,1712027100000,-1.18,-0.11,0.28,1,191.0,0.8,2.8,10.0
demo-282,GBPUSD,SELL,Pullback,197.01,1712032740000,1712061540000,1.59,-0.72,0.46,1,124.0,1.3,3.3,10.0
demo-283,USDJPY,BUY,Reversal,300.47,1712067180000,1712189580000,1.72,-0.31,2.14,1,175.0,1.1,2.3,8.0
demo-284,XAUUSD,SELL,CSV,-129.99,1712193000000,1712437800000,-0.88,-0.12,0.85,1,147.0,0.7,3.6,10.0
demo-285,NAS100,BUY,Breakout,63.61,1712439660000,1712518860000,0.53,-0.6,1.76,1,120.0,1.6,1.0,10.0
demo-286,EURUSD,BUY,Pullback,92.84,1712525400000,1712532600000,1.02,-0.19,2.24,1,91.0,1.4,3.7,10.0
demo-287,GBPUSD,SELL,Reversal,316.34,1712537220000,1712731620000,1.95,-0.35,2.0,1,162.0,0.8,3.0,10.0
demo-288,USDJPY,SELL,CSV,-182.15,1712735940000,1712761140000,-1.33,-0.96,0.24,1,137.0,1.8,3.3,8.0
demo-289,XAUUSD,SELL,Breakout,-26.39,1712764740000,1712908740000,-0.26,-0.24,0.85,1,102.0,1.6,1.7,10.0
demo-290,NAS100,BUY,Pullback,-227.32,1712914620000,1713087420000,-1.1,-0.75,0.85,1,206.0,0.8,3.8,10.0
demo-291,EURUSD,BUY,Reversal,396.6,1713097380000,1713111780000,1.82,-0.88,2.29,1,218.0,1.7,2.1,10.0
demo-292,GBPUSD,BUY,CSV,-67.58,1713116220000,1713260220000,-0.51,-0.52,0.22,1,132.0,1.6,1.3,10.0
demo-293,USDJPY,BUY,Breakout,-122.05,1713262680000,1713370680000,-0.66,-0.98,0.28,1,185.0,1.3,2.9,8.0
demo-294,XAUUSD,SELL,Pullback,-168.28,1713379560000,1713563160000,-0.73,-0.97,0.63,1,231.0,1.8,3.8,10.0
demo-295,NAS100,BUY,Reversal,122.17,1713565200000,1713748800000,0.76,-0.95,0.4,1,161.0,0.8,1.5,10.0
demo-296,EURUSD,SELL,CSV,179.77,1713754680000,1713970680000,0.98,-0.78,1.13,1,184.0,1.0,1.4,10.0
demo-297,GBPUSD,BUY,Breakout,424.21,1713976380000,1714051980000,1.81,-0.36,0.29,1,234.0,2.0,2.2,10.0
demo-298,USDJPY,BUY,Pullback,-64.42,1714057500000,1714082700000,-0.44,-0.95,0.85,1,146.0,0.7,1.3,8.0
demo-299,XAUUSD,SELL,Reversal,142.48,1714088160000,1714152960000,1.72,-0.26,0.54,1,83.0,1.1,2.9,10.0
demo-300,NAS100,SELL,CSV,407.63,1714155720000,1714195320000,1.77,-0.07,0.23,1,230.0,1.7,1.3,10.0
demo-301,EURUSD,SELL,Breakout,-27.51,1714205160000,1714359960000,-0.31,-0.93,0.85,1,90.0,1.3,2.1,10.0
demo-302,GBPUSD,BUY,Pullback,115.18,1714362720000,1714560720000,0.68,-0.32,2.13,1,170.0,1.5,2.9,10.0
demo-303,USDJPY,SELL,Reversal,-143.73,1714564260000,1714701060000,-0.78,-0.13,0.85,1,185.0,0.9,3.7,8.0
demo-304,XAUUSD,SELL,CSV,-293.1,1714709580000,1714954380000,-1.34,-0.79,0.85,1,219.0,1.1,2.7,10.0
demo-305,NAS100,SELL,Breakout,135.3,1714959060000,1715110260000,0.91,-0.26,2.16,1,149.0,0.7,4.0,10.0
demo-306,EURUSD,SELL,Pullback,-302.6,1715117100000,1715361900000,-1.32,-0.15,0.85,1,229.0,1.3,3.4,10.0
demo-307,GBPUSD,BUY,Reversal,-255.86,1715368260000,1715397060000,-1.13,-0.39,0.85,1,227.0,0.8,2.8,10.0
demo-308,USDJPY,BUY,CSV,-55.41,1715401320000,1715566920000,-0.64,-0.59,0.41,1,87.0,1.8,3.4,8.0
demo-309,XAUUSD,BUY,Breakout,66.21,1715576880000,1715807280000,0.42,-0.1,1.48,1,159.0,1.3,1.0,10.0
demo-310,NAS100,BUY,Pullback,-210.53,1715816460000,1715910060000,-1.26,-0.85,0.83,1,167.0,0.8,3.1,10.0
demo-311,EURUSD,SELL,Reversal,-279.62,1715912940000,1715981340000,-1.31,-0.4,0.85,1,214.0,1.4,2.0,10.0
demo-312,GBPUSD,SELL,CSV,-87.67,1715983920000,1716135120000,-0.73,-0.66,0.85,1,120.0,0.8,3.9,10.0
demo-313,USDJPY,BUY,Breakout,-153.23,1716138060000,1716303660000,-0.67,-0.75,0.76,1,230.0,1.6,3.8,8.0
demo-314,XAUUSD,BUY,Pullback,79.81,1716307980000,1716491580000,0.91,-0.82,1.5,1,88.0,1.9,1.4,10.0
demo-315,NAS100,SELL,Reversal,-73.03,1716501180000,1716537180000,-0.43,-0.89,0.29,1,168.0,1.2,1.8,10.0
demo-316,EURUSD,SELL,CSV,91.1,1716541680000,1716656880000,0.54,-0.05,0.98,1,169.0,2.0,3.7,10.0
demo-317,GBPUSD,BUY,Breakout,-61.11,1716658800000,1716889200000,-0.36,-0.51,0.85,1,169.0,0.8,1.2,10.0
demo-318,USDJPY,SELL,Pullback,171.31,1716895860000,1716913860000,2.02,-0.12,0.47,1,85.0,0.8,1.2,8.0
demo-319,XAUUSD,BUY,Reversal,-285.95,1716919260000,1716962460000,-1.23,-0.72,0.85,1,232.0,1.5,2.3,10.0
demo-320,NAS100,SELL,CSV,111.93,1716968520000,1716993720000,0.68,-0.71,1.76,1,164.0,1.5,1.9,10.0
demo-321,EURUSD,SELL,Breakout,-211.29,1716996120000,1717042920000,-1.17,-0.2,0.85,1,180.0,0.7,3.5,10.0
demo-322,GBPUSD,BUY,Pullback,67.49,1717044540000,1717267740000,0.65,-0.33,0.27,1,104.0,1.0,2.2,10.0
demo-323,USDJPY,BUY,Reversal,-69.66,1717271700000,1717498500000,-0.68,-0.4,0.85,1,103.0,1.2,1.8,8.0
demo-324,XAUUSD,BUY,CSV,-119.28,1717503420000,1717719420000,-0.87,-0.19,0.85,1,137.0,0.7,2.0,10.0
demo-325,NAS100,SELL,Breakout,105.05,1717724340000,1717976340000,0.46,-0.42,1.29,1,230.0,1.4,1.7,10.0
demo-326,EURUSD,BUY,Pullback,-187.47,1717983540000,1718123940000,-1.04,-0.53,0.85,1,181.0,0.8,3.3,10.0
demo-327,GBPUSD,SELL,Reversal,-52.1,1718126040000,1718208840000,-0.39,-0.45,0.85,1,134.0,0.9,3.5,10.0
demo-328,USDJPY,SELL,CSV,236.87,1718212260000,1718280660000,1.62,-0.82,0.28,1,146.0,1.4,3.6,8.0
demo-329,XAUUSD,SELL,Breakout,-77.64,1718290680000,1718531880000,-0.94,-0.55,0.85,1,83.0,0.8,2.7,10.0
demo-330,NAS100,SELL,Pullback,-249.61,1718539800000,1718586600000,-1.11,-0.87,0.85,1,224.0,1.0,3.0,10.0
demo-331,EURUSD,BUY,Reversal,74.62,1718589120000,1718808720000,0.6,-0.63,1.69,1,124.0,1.2,3.6,10.0
demo-332,GBPUSD,SELL,CSV,-248.58,1718810160000,1718921760000,-1.24,-0.07,0.85,1,201.0,1.0,3.5,10.0
demo-333,USDJPY,SELL,Breakout,188.27,1718923380000,1718970180000,1.65,-0.79,0.82,1,114.0,1.4,1.3,8.0
demo-334,XAUUSD,BUY,Pullback,-199.72,1718974560000,1719179760000,-1.09,-0.87,0.85,1,184.0,0.7,3.1,10.0
demo-335,NAS100,BUY,Reversal,-60.31,1719183900000,1719371100000,-0.28,-0.23,0.85,1,214.0,0.9,2.4,10.0
demo-336,EURUSD,BUY,CSV,174.36,1719374040000,1719543240000,1.16,-0.43,2.22,1,150.0,0.9,2.5,10.0
demo-337,GBPUSD,BUY,Breakout,-127.58,1719547140000,1719755940000,-0.63,-0.21,0.85,1,201.0,1.0,2.2,10.0
demo-338,USDJPY,SELL,Pullback,-128.92,1719759540000,1719835140000,-0.96,-0.69,0.7,1,134.0,1.3,3.6,8.0
demo-339,XAUUSD,SELL,Reversal,-102.97,1719844800000,1719852000000,-0.91,-0.06,0.67,1,113.0,1.6,3.1,10.0
demo-340,NAS100,SELL,CSV,-132.86,1719860160000,1719989760000,-0.75,-0.26,0.78,1,176.0,1.4,1.0,10.0
demo-341,EURUSD,SELL,Breakout,-134.17,1719997140000,1720169940000,-0.58,-0.15,0.23,1,232.0,1.5,3.6,10.0
demo-342,GBPUSD,SELL,Pullback,216.27,1720179420000,1720301820000,1.69,-0.9,1.95,1,128.0,1.5,3.0,10.0
demo-343,USDJPY,BUY,Reversal,167.79,1720307280000,1720321680000,1.08,-0.42,0.16,1,155.0,1.1,3.1,8.0
demo-344,XAUUSD,BUY,CSV,-198.8,1720330200000,1720578600000,-0.99,-0.53,0.85,1,201.0,1.0,2.4,10.0
demo-345,NAS100,BUY,Breakout,-156.18,1720589280000,1720711680000,-1.24,-0.67,0.6,1,126.0,1.6,1.9,10.0
demo-346,EURUSD,BUY,Pullback,-110.98,1720721160000,1720875960000,-0.76,-0.16,0.2,1,146.0,1.3,1.6,10.0
demo-347,GBPUSD,BUY,Reversal,95.59,1720882560000,1720940160000,0.44,-0.86,0.4,1,215.0,1.1,4.0,10.0
demo-348,USDJPY,BUY,CSV,-71.74,1720946880000,1721159280000,-0.45,-0.13,0.85,1,160.0,1.0,1.2,8.0
demo-349,XAUUSD,BUY,Breakout,-57.92,1721162340000,1721371140000,-0.44,-0.78,0.85,1,133.0,0.8,2.3,10.0
demo-350,NAS100,SELL,Pullback,-126.94,1721376240000,1721574240000,-0.67,-0.09,0.54,1,189.0,1.9,3.7,10.0
demo-351,EURUSD,SELL,Reversal,-78.91,1721581320000,1721826120000,-0.94,-0.29,0.85,1,84.0,1.0,1.3,10.0
demo-352,GBPUSD,SELL,CSV,283.09,1721829900000,1722063900000,1.79,-0.33,0.75,1,158.0,1.2,3.1,10.0
demo-353,USDJPY,SELL,Breakout,139.35,1722073800000,1722138600000,0.68,-0.95,2.21,1,205.0,0.6,1.7,8.0
demo-354,XAUUSD,BUY,Pullback,-37.05,1722144720000,1722205920000,-0.44,-0.4,0.85,1,85.0,1.1,2.9,10.0
demo-355,NAS100,BUY,Reversal,-27.85,1722210060000,1722458460000,-0.3,-0.15,0.85,1,92.0,1.6,2.3,10.0
demo-356,EURUSD,BUY,CSV,347.22,1722468900000,1722645300000,1.58,-0.25,1.67,1,220.0,1.0,3.0,10.0
demo-357,GBPUSD,BUY,Breakout,-95.81,1722648060000,1722889260000,-0.4,-0.84,0.32,1,239.0,1.0,3.4,10.0
demo-358,USDJPY,SELL,Pullback,190.41,1722894300000,1723124700000,0.81,-0.55,0.55,1,235.0,1.0,1.1,8.0
demo-359,XAUUSD,SELL,Reversal,72.02,1723128600000,1723359000000,0.35,-0.69,2.18,1,203.0,0.8,1.3,10.0
demo-360,NAS100,SELL,CSV,-100.67,1723363080000,1723600680000,-0.96,-0.48,0.85,1,105.0,1.2,1.3,10.0
demo-361,EURUSD,BUY,Breakout,236.29,1723602720000,1723685520000,1.53,-0.45,0.35,1,154.0,0.6,1.4,10.0
demo-362,GBPUSD,SELL,Pullback,-222.4,1723687020000,1723766220000,-1.3,-0.3,0.85,1,171.0,1.7,1.5,10.0
demo-363,USDJPY,BUY,Reversal,200.9,1723772160000,1723959360000,1.03,-0.86,1.94,1,196.0,0.8,3.1,8.0
demo-364,XAUUSD,BUY,CSV,146.68,1723966380000,1723995180000,1.38,-0.81,1.65,1,106.0,1.5,3.3,10.0
demo-365,NAS100,SELL,Breakout,-75.97,1723998480000,1724012880000,-0.37,-0.44,0.19,1,203.0,1.5,1.0,10.0
demo-366,EURUSD,BUY,Pullback,453.06,1724015760000,1724260560000,2.02,-0.88,1.28,1,224.0,1.2,3.2,10.0
demo-367,GBPUSD,BUY,Reversal,319.74,1724270280000,1724493480000,1.8,-0.9,1.5,1,178.0,1.5,1.5,10.0
demo-368,USDJPY,BUY,CSV,147.67,1724499660000,1724719260000,1.21,-0.28,2.33,1,122.0,1.3,2.7,8.0
demo-369,XAUUSD,SELL,Breakout,157.83,1724727720000,1724904120000,1.13,-0.59,0.28,1,140.0,1.2,1.4,10.0
demo-370,NAS100,SELL,Pullback,43.75,1724911200000,1725141600000,0.41,-0.57,2.0,1,106.0,1.8,2.7,10.0
demo-371,EURUSD,SELL,Reversal,-198.65,1725142740000,1725355140000,-1.15,-0.85,0.85,1,173.0,1.6,2.1,10.0
demo-372,GBPUSD,SELL,CSV,-51.37,1725361260000,1725570060000,-0.49,-0.37,0.85,1,104.0,1.4,2.1,10.0
demo-373,USDJPY,SELL,Breakout,218.16,1725572700000,1725623100000,1.79,-0.76,1.03,1,122.0,1.5,1.6,8.0
demo-374,XAUUSD,BUY,Pullback,-90.55,1725624660000,1725808260000,-0.46,-0.37,0.85,1,197.0,1.9,3.5,10.0
demo-375,NAS100,BUY,Reversal,-256.46,1725812460000,1725870060000,-1.3,-0.18,0.85,1,197.0,1.4,2.3,10.0
demo-376,EURUSD,SELL,CSV,-55.13,1725877860000,1726101060000,-0.44,-0.82,0.32,1,125.0,1.3,2.2,10.0
demo-377,GBPUSD,SELL,Breakout,-238.47,1726109760000,1726224960000,-1.32,-0.48,0.39,1,181.0,1.4,3.7,10.0
demo-378,USDJPY,BUY,Pullback,-227.27,1726230060000,1726467660000,-1.03,-0.94,0.85,1,220.0,0.9,3.1,8.0
demo-379,XAUUSD,SELL,Reversal,195.63,1726473120000,1726635120000,1.57,-0.36,0.35,1,125.0,1.4,2.7,10.0
demo-380,NAS100,SELL,CSV,-109.34,1726638000000,1726832400000,-0.71,-0.06,0.33,1,153.0,0.8,3.0,10.0
demo-381,EURUSD,SELL,Breakout,-121.21,1726841460000,1726935060000,-1.0,-0.19,0.22,1,121.0,0.9,2.6,10.0
demo-382,GBPUSD,SELL,Pullback,-105.27,1726940040000,1727105640000,-0.99,-0.58,0.6,1,106.0,0.9,3.4,10.0
demo-383,USDJPY,BUY,Reversal,358.29,1727113440000,1727246640000,2.02,-0.98,0.81,1,177.0,0.6,1.8,8.0
demo-384,XAUUSD,BUY,CSV,-148.12,1727248260000,1727453460000,-0.85,-0.62,0.85,1,174.0,1.0,1.5,10.0
demo-385,NAS100,SELL,Breakout,-47.28,1727457780000,1727493780000,-0.38,-0.09,0.73,1,124.0,0.8,2.8,10.0
demo-386,EURUSD,BUY,Pullback,326.46,1727497500000,1727616300000,1.99,-0.09,2.23,1,164.0,1.7,2.9,10.0
demo-387,GBPUSD,BUY,Reversal,-74.62,1727617260000,1727757660000,-0.33,-0.72,0.85,1,226.0,1.3,3.4,10.0
demo-388,USDJPY,SELL,CSV,-76.9,1727766060000,1727841660000,-0.35,-0.26,0.57,1,219.0,1.1,1.9,8.0
demo-389,XAUUSD,SELL,Breakout,-296.42,1727848920000,1728093720000,-1.33,-0.06,0.85,1,223.0,0.9,2.9,10.0
demo-390,NAS100,SELL,Pullback,282.42,1728101880000,1728217080000,1.74,-0.16,0.68,1,162.0,0.6,2.6,10.0
demo-391,EURUSD,BUY,Reversal,89.62,1728218580000,1728391380000,0.43,-0.9,0.53,1,210.0,1.9,1.5,10.0
demo-392,GBPUSD,SELL,CSV,-39.03,1728400140000,1728648540000,-0.48,-0.65,0.57,1,81.0,1.8,1.6,10.0
demo-393,USDJPY,BUY,Breakout,-41.07,1728657600000,1728859200000,-0.42,-0.49,0.85,1,98.0,0.7,1.5,8.0
demo-394,XAUUSD,SELL,Pullback,-49.04,1728870000000,1728988800000,-0.5,-0.3,0.85,1,98.0,1.2,1.1,10.0
demo-395,NAS100,BUY,Reversal,-75.34,1728998220000,1729055820000,-0.93,-0.77,0.85,1,81.0,1.1,2.5,10.0
demo-396,EURUSD,BUY,CSV,396.97,1729064880000,1729201680000,1.69,-0.47,1.0,1,235.0,1.3,2.6,10.0
demo-397,GBPUSD,SELL,Breakout,319.65,1729207200000,1729272000000,1.46,-0.33,2.14,1,219.0,1.9,1.0,10.0
demo-398,USDJPY,BUY,Pullback,150.1,1729278900000,1729538100000,1.35,-0.42,1.35,1,111.0,1.0,3.2,8.0
demo-399,XAUUSD,SELL,Reversal,-219.52,1729541160000,1729703160000,-1.19,-0.19,0.51,1,185.0,0.9,1.5,10.0
demo-400,NAS100,BUY,CSV,-65.43,1729707300000,1729732500000,-0.33,-0.69,0.66,1,198.0,1.6,2.5,10.0
demo-401,EURUSD,BUY,Breakout,-56.89,1729741800000,1729896600000,-0.51,-0.32,0.24,1,112.0,1.0,2.4,10.0
demo-402,GBPUSD,BUY,Pullback,-77.46,1729902960000,1730046960000,-0.65,-0.35,0.85,1,119.0,1.0,3.4,10.0
demo-403,USDJPY,SELL,Reversal,280.82,1730056800000,1730258400000,1.63,-0.88,1.15,1,172.0,1.7,2.5,8.0
demo-404,XAUUSD,BUY,CSV,197.65,1730263500000,1730313900000,0.84,-0.84,2.15,1,235.0,1.0,3.7,10.0
demo-405,NAS100,BUY,Breakout,-79.36,1730317440000,1730353440000,-0.94,-0.82,0.85,1,84.0,1.9,2.7,10.0
demo-406,EURUSD,SELL,Pullback,-82.7,1730355480000,1730607480000,-0.41,-0.42,0.85,1,200.0,0.8,2.5,10.0
demo-407,GBPUSD,BUY,Reversal,261.18,1730616660000,1730659860000,1.51,-0.86,1.95,1,173.0,1.7,1.4,10.0
demo-408,USDJPY,SELL,CSV,-218.48,1730666820000,1730742420000,-0.98,-0.97,0.85,1,224.0,1.9,1.1,8.0
demo-409,XAUUSD,SELL,Breakout,72.92,1730746020000,1730972820000,0.76,-0.69,1.28,1,96.0,1.1,3.8,10.0
demo-410,NAS100,SELL,Pullback,331.25,1730977260000,1730998860000,2.04,-0.65,0.71,1,162.0,1.4,2.7,10.0
demo-411,EURUSD,BUY,Reversal,-214.18,1731000360000,1731176760000,-1.24,-0.12,0.66,1,173.0,1.3,2.1,10.0
demo-412,GBPUSD,BUY,CSV,-52.22,1731183420000,1731345420000,-0.26,-0.89,0.85,1,203.0,0.7,2.9,10.0
demo-413,USDJPY,SELL,Breakout,178.25,1731353760000,1731454560000,1.4,-0.83,1.61,1,127.0,1.7,3.2,8.0
demo-414,XAUUSD,BUY,Pullback,127.7,1731457740000,1731680940000,0.63,-0.84,0.13,1,202.0,0.8,2.8,10.0
demo-415,NAS100,BUY,Reversal,285.16,1731689160000,1731753960000,1.35,-0.1,0.68,1,211.0,1.3,2.2,10.0
demo-416,EURUSD,BUY,CSV,142.55,1731764520000,1731775320000,1.41,-0.5,1.2,1,101.0,1.8,2.8,10.0
demo-417,GBPUSD,BUY,Breakout,339.64,1731780540000,1731866940000,1.62,-0.38,1.13,1,210.0,0.9,2.2,10.0
demo-418,USDJPY,BUY,Pullback,-163.79,1731877380000,1731927780000,-1.25,-0.7,0.85,1,131.0,0.8,3.7,8.0
demo-419,XAUUSD,BUY,Reversal,-73.32,1731928920000,1731946920000,-0.35,-0.68,0.85,1,208.0,1.9,3.3,10.0
demo-420,NAS100,SELL,CSV,79.67,1731955980000,1732157580000,0.43,-0.55,0.61,1,187.0,1.7,2.1,10.0
demo-421,EURUSD,SELL,Breakout,192.69,1732166460000,1732213260000,1.69,-0.91,0.27,1,114.0,1.0,1.0,10.0
demo-422,GBPUSD,SELL,Pullback,77.23,1732220640000,1732224240000,0.36,-0.67,1.68,1,213.0,1.2,1.3,10.0
demo-423,USDJPY,SELL,Reversal,185.5,1732233960000,1732431960000,1.29,-0.59,1.5,1,144.0,1.7,2.2,8.0
demo-424,XAUUSD,SELL,CSV,165.14,1732441800000,1732701000000,1.32,-0.29,0.79,1,125.0,1.7,2.2,10.0
demo-425,NAS100,SELL,Breakout,217.18,1732709280000,1732774080000,1.57,-0.2,0.58,1,138.0,1.7,3.4,10.0
demo-426,EURUSD,SELL,Pullback,-45.79,1732776780000,1732801980000,-0.26,-0.14,0.42,1,179.0,0.7,1.8,10.0
demo-427,GBPUSD,SELL,Reversal,240.3,1732805340000,1732978140000,1.02,-0.99,1.5,1,235.0,1.6,2.8,10.0
demo-428,USDJPY,SELL,CSV,144.82,1732980240000,1733063040000,0.7,-0.67,1.95,1,206.0,0.9,3.4,8.0
demo-429,XAUUSD,BUY,Breakout,-137.81,1733073720000,1733311320000,-0.99,-0.39,0.85,1,139.0,0.7,1.8,10.0
demo-430,NAS100,BUY,Pullback,126.8,1733320140000,1733507340000,0.7,-0.06,1.71,1,181.0,1.4,3.2,10.0
demo-431,EURUSD,SELL,Reversal,300.34,1733513640000,1733772840000,1.78,-0.26,2.31,1,169.0,1.9,2.7,10.0
demo-432,GBPUSD,BUY,CSV,244.28,1733782680000,1733905080000,1.33,-0.53,0.87,1,184.0,1.7,3.9,10.0
demo-433,USDJPY,SELL,Breakout,-189.02,1733908620000,1734157020000,-1.31,-0.59,0.85,1,144.0,1.9,2.4,8.0
demo-434,XAUUSD,BUY,Pullback,69.7,1734166740000,1734379140000,0.8,-0.41,1.91,1,87.0,1.5,1.7,10.0
demo-435,NAS100,BUY,Reversal,62.39,1734389040000,1734536640000,0.37,-0.84,0.66,1,170.0,1.2,3.2,10.0
demo-436,EURUSD,SELL,CSV,-171.1,1734543840000,1734702240000,-0.77,-0.39,0.85,1,221.0,0.9,3.2,10.0
demo-437,GBPUSD,BUY,Breakout,101.34,1734704280000,1734794280000,0.77,-0.3,0.61,1,131.0,1.8,2.1,10.0
demo-438,USDJPY,BUY,Pullback,-97.98,1734802800000,1734853200000,-0.98,-0.63,0.85,1,100.0,1.8,2.1,8.0
demo-439,XAUUSD,SELL,Reversal,-179.3,1734855900000,1735003500000,-0.79,-0.99,0.85,1,227.0,1.2,3.3,10.0
demo-440,NAS100,SELL,CSV,-166.1,1735011960000,1735073160000,-0.78,-0.56,0.85,1,214.0,1.8,3.3,10.0
demo-441,EURUSD,BUY,Breakout,329.9,1735074840000,1735287240000,1.56,-0.06,0.57,1,212.0,1.1,2.8,10.0
demo-442,GBPUSD,BUY,Pullback,180.72,1735289940000,1735412340000,0.82,-0.96,0.88,1,220.0,1.3,1.6,10.0
demo-443,USDJPY,BUY,Reversal,120.99,1735416060000,1735588860000,0.66,-0.17,1.42,1,182.0,1.7,3.2,8.0
demo-444,XAUUSD,SELL,CSV,-88.48,1735595340000,1735706940000,-0.47,-0.81,0.85,1,190.0,1.7,1.5,10.0
demo-445,NAS100,BUY,Breakout,-126.63,1735716360000,1735946760000,-0.6,-0.51,0.66,1,212.0,1.2,3.1,10.0
demo-446,EURUSD,SELL,Pullback,210.58,1735949700000,1735978500000,1.45,-0.48,0.86,1,145.0,1.1,2.7,10.0
demo-447,GBPUSD,BUY,Reversal,81.97,1735982700000,1736101500000,0.96,-0.7,1.48,1,85.0,2.0,1.9,10.0
demo-448,USDJPY,SELL,CSV,-151.29,1736107680000,1736258880000,-0.74,-0.12,0.85,1,204.0,1.5,1.4,8.0
demo-449,XAUUSD,BUY,Breakout,235.98,1736267580000,1736346780000,1.42,-0.43,2.18,1,166.0,0.8,1.7,10.0
demo-450,NAS100,SELL,Pullback,-101.38,1736357460000,1736505060000,-0.69,-0.89,0.85,1,148.0,1.6,2.6,10.0
demo-451,EURUSD,BUY,Reversal,47.63,1736510400000,1736719200000,0.39,-0.74,1.62,1,122.0,0.9,2.2,10.0
demo-452,GBPUSD,BUY,CSV,-56.08,1736726400000,1736773200000,-0.28,-0.43,0.85,1,201.0,0.7,2.9,10.0
demo-453,USDJPY,BUY,Breakout,260.89,1736775060000,1736814660000,1.64,-0.47,0.37,1,159.0,0.6,3.0,8.0
demo-454,XAUUSD,BUY,Pullback,-168.08,1736821500000,1736972700000,-0.84,-0.31,0.85,1,199.0,1.4,2.4,10.0
demo-455,NAS100,SELL,Reversal,206.83,1736980860000,1737182460000,0.96,-0.56,1.95,1,216.0,1.0,2.2,10.0
demo-456,EURUSD,SELL,CSV,145.71,1737191400000,1737263400000,1.78,-0.86,0.88,1,82.0,1.3,3.1,10.0
demo-457,GBPUSD,BUY,Breakout,172.11,1737268920000,1737495720000,1.1,-0.33,0.62,1,156.0,1.4,1.6,10.0
demo-458,USDJPY,BUY,Pullback,289.81,1737503940000,1737763140000,1.6,-0.66,2.0,1,181.0,1.0,2.3,8.0
demo-459,XAUUSD,SELL,Reversal,-236.73,1737770700000,1737882300000,-1.0,-0.32,0.85,1,236.0,1.2,3.6,10.0
demo-460,NAS100,SELL,CSV,176.61,1737891120000,1737977520000,1.15,-0.48,1.71,1,154.0,0.9,1.1,10.0
demo-461,EURUSD,BUY,Breakout,44.96,1737980460000,1738005660000,0.53,-0.31,1.74,1,85.0,0.9,1.5,10.0
demo-462,GBPUSD,BUY,Pullback,288.08,1738014720000,1738245120000,1.73,-0.52,0.94,1,167.0,1.1,3.5,10.0
demo-463,USDJPY,SELL,Reversal,-48.62,1738249320000,1738317720000,-0.33,-0.5,0.53,1,148.0,1.7,3.5,8.0
demo-464,XAUUSD,SELL,CSV,-131.23,1738319460000,1738377060000,-0.74,-0.75,0.16,1,178.0,1.6,1.3,10.0
demo-465,NAS100,BUY,Breakout,-106.2,1738381740000,1738478940000,-0.59,-0.36,0.85,1,179.0,1.6,2.6,10.0
demo-466,EURUSD,BUY,Pullback,-95.12,1738487100000,1738544700000,-0.47,-0.89,0.85,1,203.0,2.0,1.7,10.0
demo-467,GBPUSD,BUY,Reversal,69.15,1738549440000,1738751040000,0.83,-0.16,1.91,1,83.0,2.0,2.7,10.0
demo-468,USDJPY,SELL,CSV,60.28,1738756920000,1738976520000,0.51,-0.2,0.29,1,119.0,1.9,4.0,8.0
demo-469,XAUUSD,BUY,Breakout,-174.67,1738986540000,1739015340000,-1.02,-0.8,0.37,1,171.0,1.0,2.7,10.0
demo-470,NAS100,BUY,Pullback,130.43,1739017140000,1739179140000,1.01,-0.74,0.66,1,129.0,1.3,2.3,10.0
demo-471,EURUSD,SELL,Reversal,138.7,1739186760000,1739323560000,0.68,-0.38,1.78,1,205.0,1.8,2.8,10.0
demo-472,GBPUSD,SELL,CSV,-72.2,1739332740000,1739588340000,-0.74,-0.83,0.85,1,97.0,0.6,2.9,10.0
demo-473,USDJPY,BUY,Breakout,-54.64,1739591700000,1739768100000,-0.65,-0.64,0.82,1,84.0,1.5,2.6,8.0
demo-474,XAUUSD,SELL,Pullback,-233.75,1739771820000,1739951820000,-1.09,-0.2,0.74,1,214.0,1.5,1.3,10.0
demo-475,NAS100,SELL,Reversal,-35.74,1739955600000,1740196800000,-0.39,-0.88,0.55,1,91.0,0.9,1.1,10.0
demo-476,EURUSD,BUY,CSV,-192.46,1740198720000,1740378720000,-0.9,-0.1,0.59,1,214.0,0.6,3.8,10.0
demo-477,GBPUSD,SELL,Breakout,-63.04,1740387120000,1740613920000,-0.32,-0.58,0.85,1,199.0,1.8,3.4,10.0
demo-478,USDJPY,BUY,Pullback,-156.54,1740616020000,1740644820000,-1.06,-0.84,0.26,1,148.0,1.9,1.3,8.0
demo-479,XAUUSD,BUY,Reversal,226.21,1740655140000,1740763140000,1.27,-0.29,1.53,1,178.0,1.4,2.7,10.0
demo-480,NAS100,BUY,CSV,261.68,1740772200000,1740822600000,1.15,-0.68,2.13,1,227.0,1.7,2.6,10.0
demo-481,EURUSD,SELL,Breakout,-109.19,1740833280000,1741067280000,-0.91,-0.94,0.85,1,120.0,1.8,2.2,10.0
demo-482,GBPUSD,SELL,Pullback,306.64,1741073340000,1741274940000,1.3,-0.41,1.36,1,235.0,1.1,2.4,10.0
demo-483,USDJPY,SELL,Reversal,-79.67,1741280760000,1741464360000,-0.91,-0.54,0.85,1,88.0,0.6,4.0,8.0
demo-484,XAUUSD,BUY,CSV,-109.45,1741465260000,1741566060000,-1.29,-0.83,0.85,1,85.0,0.7,2.4,10.0
demo-485,NAS100,BUY,Breakout,201.21,1741571760000,1741643760000,1.37,-0.27,1.96,1,147.0,1.4,2.7,10.0
demo-486,EURUSD,BUY,Pullback,-71.75,1741646760000,1741747560000,-0.44,-0.83,0.85,1,163.0,1.4,1.9,10.0
demo-487,GBPUSD,BUY,Reversal,-58.08,1741749600000,1741926000000,-0.62,-0.89,0.85,1,94.0,1.8,1.7,10.0
demo-488,USDJPY,SELL,CSV,224.38,1741928100000,1741935300000,1.27,-0.35,1.39,1,177.0,1.3,1.7,8.0
demo-489,XAUUSD,SELL,Breakout,-171.26,1741945920000,1741971120000,-0.88,-0.14,0.85,1,194.0,0.8,2.0,10.0
demo-490,NAS100,BUY,Pullback,-49.57,1741978020000,1742197620000,-0.54,-0.43,0.85,1,92.0,1.7,2.4,10.0
demo-491,EURUSD,BUY,Reversal,-84.29,1742207280000,1742300880000,-0.47,-0.64,0.85,1,181.0,0.9,1.8,10.0
demo-492,GBPUSD,SELL,CSV,346.3,1742309220000,1742510820000,1.53,-0.45,0.89,1,227.0,1.1,3.0,10.0
demo-493,USDJPY,BUY,Breakout,-226.32,1742516640000,1742660640000,-1.34,-0.47,0.42,1,169.0,1.9,1.7,8.0
demo-494,XAUUSD,SELL,Pullback,44.99,1742664120000,1742836920000,0.45,-0.95,2.23,1,101.0,0.6,3.1,10.0
demo-495,NAS100,SELL,Reversal,181.5,1742840160000,1742894160000,0.93,-0.75,0.57,1,195.0,1.4,2.9,10.0
demo-496,EURUSD,SELL,CSV,-172.46,1742899740000,1742968140000,-0.98,-0.09,0.48,1,176.0,0.9,3.1,10.0
demo-497,GBPUSD,SELL,Breakout,-51.57,1742969280000,1743095280000,-0.26,-0.42,0.71,1,199.0,1.8,1.1,10.0
demo-498,USDJPY,BUY,Pullback,281.78,1743096960000,1743276960000,1.59,-0.91,1.2,1,177.0,0.9,2.5,8.0
demo-499,XAUUSD,BUY,Reversal,166.94,1743281400000,1743493800000,1.96,-0.34,1.22,1,85.0,0.6,3.1,10.0
demo-500,NAS100,SELL,CSV,323.72,1743503280000,1743668880000,2.06,-0.53,1.96,1,157.0,1.8,3.7,10.0
