ref,cluster,subject,status,n_msgs,first,last,reopen_loop,unresolved
TAL-00118,chart_core_ui,Flat top bottom,user_replied,6,2026-05-25,2026-07-01,yes,yes
TAL-00157,chart_core_ui,chart bug,user_replied,35,2026-05-26,2026-06-20,yes,yes
TAL-00227,chart_core_ui,Clone and Copy,user_replied,6,2026-05-28,2026-06-17,yes,yes
TAL-00284,chart_core_ui,Quick menu,user_replied,2,2026-05-31,2026-06-17,,yes
TAL-00351,chart_core_ui,bolingar band,user_replied,3,2026-06-02,2026-06-17,,yes
TAL-00427,chart_core_ui,Mass index,user_replied,3,2026-06-04,2026-06-21,yes,yes
TAL-00812,chart_core_ui,quick menu,resolved,1,2026-06-17,2026-06-17,,
TAL-00813,chart_core_ui,lock,resolved,1,2026-06-17,2026-06-17,,
TAL-00814,chart_core_ui,markets name,user_replied,2,2026-06-17,2026-07-01,,yes
TAL-00816,chart_core_ui,MAE stuck,resolved,1,2026-06-18,2026-06-18,,
TAL-00820,chart_core_ui,FAQ,resolved,1,2026-06-18,2026-06-18,,
TAL-00821,chart_core_ui,settings,user_replied,5,2026-06-18,2026-07-02,yes,yes
TAL-00823,chart_core_ui,screenshot,resolved,3,2026-06-18,2026-06-21,,
TAL-00824,chart_core_ui,alert,resolved,2,2026-06-18,2026-06-18,,
TAL-00825,chart_core_ui,supporting,resolved,3,2026-06-18,2026-06-18,,
TAL-00826,chart_core_ui,time frame,resolved,1,2026-06-18,2026-06-18,,
TAL-00827,chart_core_ui,chart,resolved,2,2026-06-19,2026-06-19,,
TAL-00829,chart_core_ui,chart,resolved,1,2026-06-19,2026-06-19,,
TAL-00831,chart_core_ui,margin bug,resolved,2,2026-06-19,2026-06-19,,
TAL-00832,chart_core_ui,Settings survive reload,resolved,1,2026-06-19,2026-06-19,,
TAL-00833,chart_core_ui,shorcuts,resolved,1,2026-06-19,2026-06-19,,
TAL-00834,chart_core_ui,Go To menu,user_replied,10,2026-06-19,2026-07-01,,yes
TAL-00836,chart_core_ui,Magnet,user_replied,4,2026-06-19,2026-07-01,yes,yes
TAL-00837,chart_core_ui,Visibility — Hide,resolved,3,2026-06-19,2026-06-22,,
TAL-00838,chart_core_ui,Delete,resolved,1,2026-06-19,2026-06-19,,
TAL-00841,chart_core_ui,price label,user_replied,4,2026-06-19,2026-07-02,yes,yes
TAL-00842,chart_core_ui,end points,resolved,2,2026-06-19,2026-06-19,,
TAL-00848,chart_core_ui,Chart,resolved,1,2026-06-20,2026-06-20,,
TAL-00850,chart_core_ui,object tree,resolved,3,2026-06-20,2026-06-20,,
TAL-00860,chart_core_ui,Flat top bottom,resolved,1,2026-06-20,2026-06-20,,
TAL-00881,chart_core_ui,Label,resolved,3,2026-06-20,2026-06-20,,
TAL-00883,chart_core_ui,emoji,resolved,1,2026-06-20,2026-06-20,,
TAL-00885,chart_core_ui,coordinates,user_replied,2,2026-06-20,2026-07-02,,yes
TAL-00886,chart_core_ui,objects tree,user_replied,7,2026-06-20,2026-07-02,,yes
TAL-00888,chart_core_ui,Simple Moving Average,resolved,1,2026-06-20,2026-06-20,,
TAL-00890,chart_core_ui,Chart,resolved,2,2026-06-20,2026-06-20,,
TAL-00891,chart_core_ui,Exponential Moving Average,resolved,1,2026-06-20,2026-06-20,,
TAL-00892,chart_core_ui,Weighted Moving Average,resolved,1,2026-06-20,2026-06-20,,
TAL-00902,chart_core_ui,Relative Strength Index,resolved,1,2026-06-20,2026-06-20,,
TAL-00909,chart_core_ui,pre trade tag,resolved,1,2026-06-21,2026-06-21,,
TAL-00911,chart_core_ui,time in price label,resolved,4,2026-06-21,2026-06-21,,
TAL-00916,chart_core_ui,Step timeframe interval,resolved,1,2026-06-21,2026-06-21,,
TAL-00918,chart_core_ui,Create price alert,resolved,1,2026-06-21,2026-06-21,,
TAL-00921,chart_core_ui,Analytics,resolved,1,2026-06-21,2026-06-21,,
TAL-00922,chart_core_ui,P12-0039 - 30-minute stress test,resolved,1,2026-06-21,2026-06-21,,
TAL-00924,chart_core_ui,Stability,resolved,1,2026-06-21,2026-06-21,,
TAL-00954,chart_core_ui,RVI,resolved,2,2026-06-21,2026-06-21,,
TAL-00980,chart_core_ui,startisy builder,resolved,1,2026-06-22,2026-06-22,,
TAL-00990,chart_core_ui,Missing forex symbols,resolved,1,2026-06-23,2026-06-23,,
TAL-00991,chart_core_ui,Futures tickers,resolved,1,2026-06-23,2026-06-23,,
TAL-00993,chart_core_ui,right click list,resolved,2,2026-06-23,2026-06-23,,
TAL-00994,chart_core_ui,percision,resolved,1,2026-06-23,2026-06-23,,
TAL-00995,chart_core_ui,chart logo,resolved,1,2026-06-23,2026-06-23,,
TAL-01001,chart_core_ui,dash jornal,user_replied,10,2026-06-23,2026-06-25,yes,yes
TAL-01002,chart_core_ui,dashbord,user_replied,2,2026-06-23,2026-06-25,,yes
TAL-01021,chart_core_ui,Trades Metrics,user_replied,6,2026-06-24,2026-06-25,,yes
TAL-01022,chart_core_ui,trades F5,resolved,1,2026-06-24,2026-06-24,,
TAL-01023,chart_core_ui,trades timing,resolved,1,2026-06-24,2026-06-24,,
TAL-01025,chart_core_ui,trades color,resolved,1,2026-06-24,2026-06-24,,
TAL-01028,chart_core_ui,Trades filter,resolved,2,2026-06-24,2026-06-24,,
TAL-01029,chart_core_ui,Compare mode,user_replied,2,2026-06-24,2026-06-25,,yes
TAL-01030,chart_core_ui,trades,resolved,8,2026-06-24,2026-06-25,,
TAL-01032,chart_core_ui,Trade ID,user_replied,5,2026-06-24,2026-06-25,,yes
TAL-01033,chart_core_ui,trades screenshot,resolved,2,2026-06-24,2026-06-25,,
TAL-01034,chart_core_ui,trade appear,user_replied,2,2026-06-24,2026-06-25,,yes
TAL-01035,chart_core_ui,Edit trade,user_replied,8,2026-06-24,2026-06-25,,yes
TAL-01036,chart_core_ui,source change,user_replied,3,2026-06-24,2026-06-25,,yes
TAL-01037,chart_core_ui,trade without exit,resolved,2,2026-06-24,2026-06-24,,
TAL-01040,chart_core_ui,Seesion,resolved,1,2026-06-24,2026-06-24,,
TAL-01055,chart_core_ui,Trade,resolved,1,2026-06-25,2026-06-25,,
TAL-01056,chart_core_ui,Trade,resolved,1,2026-06-25,2026-06-25,,
TAL-01057,chart_core_ui,Trades,resolved,1,2026-06-25,2026-06-25,,
TAL-01058,chart_core_ui,Trades,resolved,1,2026-06-25,2026-06-25,,
TAL-01059,chart_core_ui,Trades,resolved,1,2026-06-25,2026-06-25,,
TAL-01060,chart_core_ui,Trades,resolved,1,2026-06-25,2026-06-25,,
TAL-01061,chart_core_ui,Trades,closed,1,2026-06-25,2026-06-25,,
TAL-01063,chart_core_ui,trade date,user_replied,4,2026-06-25,2026-06-25,,yes
TAL-01066,chart_core_ui,Trades,resolved,2,2026-06-26,2026-06-26,,
TAL-01067,chart_core_ui,Trades,resolved,1,2026-06-26,2026-06-26,,
TAL-01068,chart_core_ui,Trades,user_replied,3,2026-06-26,2026-06-27,,yes
TAL-01069,chart_core_ui,Trades,resolved,2,2026-06-26,2026-06-26,,
TAL-01070,chart_core_ui,Trades,resolved,1,2026-06-26,2026-06-26,,
TAL-01071,chart_core_ui,Trades,resolved,1,2026-06-26,2026-06-26,,
TAL-01072,chart_core_ui,Trades,resolved,2,2026-06-26,2026-06-26,,
TAL-01073,chart_core_ui,Trades,resolved,1,2026-06-26,2026-06-26,,
TAL-01074,chart_core_ui,Trades,resolved,2,2026-06-26,2026-06-26,,
TAL-01075,chart_core_ui,Trades,resolved,1,2026-06-26,2026-06-26,,
TAL-01076,chart_core_ui,Trades,resolved,1,2026-06-26,2026-06-26,,
TAL-01077,chart_core_ui,Trades,resolved,1,2026-06-26,2026-06-26,,
TAL-01078,chart_core_ui,Trades,resolved,1,2026-06-26,2026-06-26,,
TAL-01079,chart_core_ui,Trades,resolved,1,2026-06-26,2026-06-26,,
TAL-01080,chart_core_ui,Trades,resolved,1,2026-06-26,2026-06-26,,
TAL-01081,chart_core_ui,Trades,resolved,1,2026-06-26,2026-06-26,,
TAL-01082,chart_core_ui,Trades,resolved,1,2026-06-26,2026-06-26,,
TAL-01083,chart_core_ui,Trades,resolved,1,2026-06-26,2026-06-26,,
TAL-01084,chart_core_ui,Trades,resolved,1,2026-06-26,2026-06-26,,
TAL-01095,chart_core_ui,website,resolved,1,2026-06-26,2026-06-26,,
TAL-01099,chart_core_ui,interval,resolved,1,2026-06-26,2026-06-26,,
TAL-01101,chart_core_ui,setting,resolved,2,2026-06-27,2026-06-27,,
TAL-01102,chart_core_ui,time label,resolved,2,2026-06-27,2026-06-27,,
TAL-01106,chart_core_ui,Trades-Filters,resolved,1,2026-06-27,2026-06-27,,
TAL-01107,chart_core_ui,Trades - Filters,resolved,1,2026-06-27,2026-06-27,,
TAL-01108,chart_core_ui,Trades,resolved,1,2026-06-27,2026-06-27,,
TAL-01109,chart_core_ui,Trades,user_replied,3,2026-06-27,2026-06-28,,yes
TAL-01127,chart_core_ui,Chart,user_replied,4,2026-06-28,2026-06-28,,yes
TAL-01147,chart_core_ui,Objictave tree,resolved,1,2026-06-28,2026-06-28,,
TAL-01157,chart_core_ui,visibility,resolved,1,2026-06-28,2026-06-28,,
TAL-01159,chart_core_ui,zome in/out on dachboard,resolved,1,2026-06-28,2026-06-28,,
TAL-01186,chart_core_ui,interval,resolved,1,2026-06-28,2026-06-28,,
TAL-01187,chart_core_ui,news,resolved,4,2026-06-28,2026-06-29,,
TAL-01225,chart_core_ui,comment,resolved,1,2026-06-29,2026-06-29,,
TAL-01226,chart_core_ui,comment,resolved,1,2026-06-29,2026-06-29,,
TAL-01227,chart_core_ui,comment,resolved,1,2026-06-29,2026-06-29,,
TAL-01231,chart_core_ui,signpots,resolved,1,2026-06-29,2026-06-29,,
TAL-01232,chart_core_ui,signpots,resolved,1,2026-06-29,2026-06-29,,
TAL-01239,chart_core_ui,Website,resolved,1,2026-06-29,2026-06-29,,
TAL-01243,chart_core_ui,Chart,resolved,2,2026-06-29,2026-06-29,,
TAL-01247,chart_core_ui,Simple Moving Average,resolved,1,2026-06-29,2026-06-29,,
TAL-01248,chart_core_ui,Simple Moving Average,resolved,1,2026-06-29,2026-06-29,,
TAL-01250,chart_core_ui,Exponential Moving Average,resolved,1,2026-06-29,2026-06-29,,
TAL-01252,chart_core_ui,Exponential Moving Average,resolved,1,2026-06-29,2026-06-29,,
TAL-01253,chart_core_ui,Exponential Moving Average,resolved,1,2026-06-29,2026-06-29,,
TAL-01254,chart_core_ui,Weighted Moving Average,resolved,1,2026-06-29,2026-06-29,,
TAL-01255,chart_core_ui,Weighted Moving Average,resolved,1,2026-06-29,2026-06-29,,
TAL-01256,chart_core_ui,Double Exponential Moving Average,resolved,1,2026-06-29,2026-06-29,,
TAL-01257,chart_core_ui,Triple Exponential Moving Average,resolved,1,2026-06-29,2026-06-29,,
TAL-01270,chart_core_ui,Relative Strength Index,resolved,1,2026-06-29,2026-06-29,,
TAL-01271,chart_core_ui,Relative Strength Index,resolved,1,2026-06-29,2026-06-29,,
TAL-01281,chart_core_ui,chart,resolved,1,2026-06-30,2026-06-30,,
TAL-01283,chart_core_ui,news,resolved,1,2026-06-30,2026-06-30,,
TAL-01301,chart_core_ui,Error,resolved,1,2026-06-30,2026-06-30,,
TAL-01306,chart_core_ui,Selecting,resolved,1,2026-06-30,2026-06-30,,
TAL-01313,chart_core_ui,التوقيت,resolved,1,2026-06-30,2026-06-30,,
TAL-01328,chart_core_ui,visibility,resolved,1,2026-06-30,2026-06-30,,
TAL-01352,chart_core_ui,كراوزر,resolved,1,2026-07-01,2026-07-01,,
TAL-01353,chart_core_ui,تطابق,resolved,2,2026-07-01,2026-07-01,,
TAL-01355,chart_core_ui,Ctrl clicking,resolved,1,2026-07-01,2026-07-01,,
TAL-01356,chart_core_ui,zoom in/out ctrl up,resolved,3,2026-07-01,2026-07-01,,
TAL-01357,chart_core_ui,Time label,resolved,1,2026-07-01,2026-07-01,,
TAL-01371,chart_core_ui,CHart,resolved,1,2026-07-01,2026-07-01,,
TAL-01373,chart_core_ui,Apply default price label,resolved,1,2026-07-01,2026-07-01,,
TAL-01374,chart_core_ui,quick menu,resolved,2,2026-07-01,2026-07-01,,
TAL-01383,chart_core_ui,copy paste lock,resolved,2,2026-07-01,2026-07-01,,
TAL-01384,chart_core_ui,undo with setting,resolved,1,2026-07-01,2026-07-01,,
TAL-01385,chart_core_ui,open setting close down bar,resolved,1,2026-07-01,2026-07-01,,
TAL-01407,chart_core_ui,OHLC,pending,4,2026-07-02,2026-07-03,,yes
TAL-01408,chart_core_ui,Blue Dot quick menu,closed,1,2026-07-02,2026-07-02,,
TAL-01409,chart_core_ui,Blue Dot quick menu,closed,1,2026-07-02,2026-07-02,,
TAL-01410,chart_core_ui,Blue Dot quick menu,closed,1,2026-07-02,2026-07-02,,
TAL-01411,chart_core_ui,Blue Dot quick menu,closed,2,2026-07-02,2026-07-02,,
TAL-01413,chart_core_ui,left buttons/del/hide/magnet,closed,2,2026-07-02,2026-07-02,,
TAL-01414,chart_core_ui,Coordinates,resolved,1,2026-07-02,2026-07-02,,
TAL-01446,chart_core_ui,chart,closed,1,2026-07-03,2026-07-03,,
TAL-01450,chart_core_ui,Crosshair,closed,2,2026-07-03,2026-07-03,,
TAL-01452,chart_core_ui,Chart,resolved,2,2026-07-03,2026-07-03,,
TAL-01494,chart_core_ui,setting,open,1,2026-07-04,2026-07-04,,yes
TAL-01547,chart_core_ui,trades source,closed,2,2026-07-05,2026-07-05,,
TAL-01548,chart_core_ui,Seesion,resolved,1,2026-07-05,2026-07-05,,
TAL-00043,drawing_tools,Highlighter bug,user_replied,5,2026-05-22,2026-07-01,yes,yes
TAL-00054,drawing_tools,Arrow bugs,user_replied,5,2026-05-23,2026-07-01,yes,yes
TAL-00055,drawing_tools,Arrow marker,user_replied,6,2026-05-23,2026-07-01,yes,yes
TAL-00106,drawing_tools,Parallel channel bug,user_replied,9,2026-05-24,2026-07-01,yes,yes
TAL-00117,drawing_tools,Regression channel,user_replied,19,2026-05-25,2026-07-01,yes,yes
TAL-00123,drawing_tools,Disjoint channel,user_replied,7,2026-05-25,2026-07-01,yes,yes
TAL-00148,drawing_tools,Fib Retracment,user_replied,10,2026-05-25,2026-07-01,yes,yes
TAL-00150,drawing_tools,Fib Channel,user_replied,13,2026-05-25,2026-07-01,yes,yes
TAL-00156,drawing_tools,Arrow mark up,user_replied,6,2026-05-26,2026-07-01,yes,yes
TAL-00226,drawing_tools,Fib Extension,user_replied,5,2026-05-28,2026-06-20,,yes
TAL-00228,drawing_tools,Fib timezone,user_replied,17,2026-05-28,2026-07-01,yes,yes
TAL-00246,drawing_tools,Trend fib time,user_replied,12,2026-05-29,2026-07-02,yes,yes
TAL-00248,drawing_tools,Fib circles,user_replied,10,2026-05-29,2026-07-01,yes,yes
TAL-00252,drawing_tools,Fib spiral,user_replied,2,2026-05-29,2026-06-20,,yes
TAL-00253,drawing_tools,Fib arcs,user_replied,8,2026-05-29,2026-07-02,yes,yes
TAL-00257,drawing_tools,Fib wedge,user_replied,9,2026-05-30,2026-07-01,yes,yes
TAL-00259,drawing_tools,Gann box,user_replied,6,2026-05-30,2026-06-20,yes,yes
TAL-00271,drawing_tools,Gann fan,user_replied,15,2026-05-30,2026-07-02,yes,yes
TAL-00273,drawing_tools,text,user_replied,10,2026-05-30,2026-06-20,yes,yes
TAL-00276,drawing_tools,note,user_replied,15,2026-05-30,2026-07-02,yes,yes
TAL-00281,drawing_tools,price-note,user_replied,7,2026-05-30,2026-06-20,,yes
TAL-00283,drawing_tools,callout,user_replied,10,2026-05-31,2026-07-02,yes,yes
TAL-00285,drawing_tools,pin,user_replied,8,2026-05-31,2026-07-02,yes,yes
TAL-00289,drawing_tools,Elliott impulse,user_replied,10,2026-05-31,2026-07-01,yes,yes
TAL-00292,drawing_tools,Elliott correction,user_replied,4,2026-05-31,2026-07-01,yes,yes
TAL-00296,drawing_tools,Xabcd pattern,user_replied,8,2026-05-31,2026-07-02,yes,yes
TAL-00301,drawing_tools,Range Tool,user_replied,14,2026-05-31,2026-07-01,yes,yes
TAL-00321,drawing_tools,RR tools,user_replied,12,2026-06-01,2026-06-20,yes,yes
TAL-00322,drawing_tools,anchored vwap,user_replied,29,2026-06-01,2026-07-02,yes,yes
TAL-00323,drawing_tools,fixed range volume profile,user_replied,27,2026-06-01,2026-07-02,yes,yes
TAL-00428,drawing_tools,Elder ray,user_replied,6,2026-06-04,2026-06-21,yes,yes
TAL-00539,drawing_tools,BRUSH,resolved,3,2026-06-09,2026-06-10,,
TAL-00809,drawing_tools,pitchfork,resolved,3,2026-06-16,2026-06-16,,
TAL-00822,drawing_tools,arrow ind,user_replied,2,2026-06-18,2026-06-27,,yes
TAL-00835,drawing_tools,Drawing — Cursor,resolved,1,2026-06-19,2026-06-19,,
TAL-00839,drawing_tools,Copy / Paste drawing,resolved,1,2026-06-19,2026-06-19,,
TAL-00840,drawing_tools,Per-drawing timeframe visibility,resolved,1,2026-06-19,2026-06-19,,
TAL-00843,drawing_tools,Tools/Brush,resolved,2,2026-06-20,2026-06-20,,
TAL-00844,drawing_tools,Tools/Brush,resolved,1,2026-06-20,2026-06-20,,
TAL-00845,drawing_tools,Tools/Brush,resolved,1,2026-06-20,2026-06-20,,
TAL-00846,drawing_tools,Tools/Highlighter,resolved,1,2026-06-20,2026-06-20,,
TAL-00847,drawing_tools,Tools,resolved,1,2026-06-20,2026-06-20,,
TAL-00849,drawing_tools,Tools,resolved,2,2026-06-20,2026-06-20,,
TAL-00851,drawing_tools,Tools/Line,resolved,1,2026-06-20,2026-06-20,,
TAL-00852,drawing_tools,Tools/Line,resolved,4,2026-06-20,2026-06-20,,
TAL-00853,drawing_tools,Rectangle,resolved,2,2026-06-20,2026-06-20,,
TAL-00854,drawing_tools,Tools/Chart,resolved,1,2026-06-20,2026-06-20,,
TAL-00855,drawing_tools,Tools,resolved,1,2026-06-20,2026-06-20,,
TAL-00856,drawing_tools,Circle,resolved,1,2026-06-20,2026-06-20,,
TAL-00857,drawing_tools,Arrow,resolved,1,2026-06-20,2026-06-20,,
TAL-00858,drawing_tools,Parallel channel,resolved,2,2026-06-20,2026-06-20,,
TAL-00859,drawing_tools,Regression channel,resolved,2,2026-06-20,2026-06-20,,
TAL-00861,drawing_tools,Disjoint channel,resolved,1,2026-06-20,2026-06-20,,
TAL-00862,drawing_tools,Pitchfork,resolved,1,2026-06-20,2026-06-20,,
TAL-00863,drawing_tools,Fib Retracement,resolved,1,2026-06-20,2026-06-20,,
TAL-00864,drawing_tools,Fib Retracement,resolved,1,2026-06-20,2026-06-20,,
TAL-00865,drawing_tools,Fib Extension,resolved,1,2026-06-20,2026-06-20,,
TAL-00866,drawing_tools,Fib channel,resolved,1,2026-06-20,2026-06-20,,
TAL-00867,drawing_tools,Fib timezone,resolved,1,2026-06-20,2026-06-20,,
TAL-00868,drawing_tools,head shoulders,resolved,1,2026-06-20,2026-06-20,,
TAL-00869,drawing_tools,traingle pattern,user_replied,3,2026-06-20,2026-07-02,,yes
TAL-00870,drawing_tools,measure,resolved,4,2026-06-20,2026-06-20,,
TAL-00871,drawing_tools,Flag mark,resolved,1,2026-06-20,2026-06-20,,
TAL-00872,drawing_tools,Image,user_replied,3,2026-06-20,2026-07-02,,yes
TAL-00873,drawing_tools,Trend fib time,resolved,1,2026-06-20,2026-06-20,,
TAL-00874,drawing_tools,Fib circles,resolved,1,2026-06-20,2026-06-20,,
TAL-00875,drawing_tools,Fib arcs,resolved,1,2026-06-20,2026-06-20,,
TAL-00876,drawing_tools,Fib wedge,resolved,1,2026-06-20,2026-06-20,,
TAL-00877,drawing_tools,Gann fan,resolved,1,2026-06-20,2026-06-20,,
TAL-00878,drawing_tools,Text,resolved,1,2026-06-20,2026-06-20,,
TAL-00879,drawing_tools,all text tools,resolved,6,2026-06-20,2026-06-20,,
TAL-00880,drawing_tools,Vwap,resolved,2,2026-06-20,2026-06-20,,
TAL-00882,drawing_tools,anchored volume profile,user_replied,3,2026-06-20,2026-07-02,,yes
TAL-00884,drawing_tools,Elliott,resolved,3,2026-06-20,2026-06-20,,
TAL-00896,drawing_tools,Supertrend,resolved,1,2026-06-20,2026-06-20,,
TAL-00898,drawing_tools,Donchian Channel,resolved,1,2026-06-20,2026-06-20,,
TAL-00899,drawing_tools,Keltner Channel,resolved,1,2026-06-20,2026-06-20,,
TAL-00904,drawing_tools,Coppock Curve,resolved,1,2026-06-20,2026-06-20,,
TAL-00938,drawing_tools,indicator pinned,resolved,1,2026-06-21,2026-06-21,,
TAL-00943,drawing_tools,super trend,resolved,2,2026-06-21,2026-06-21,,
TAL-00953,drawing_tools,Coppock curve,resolved,1,2026-06-21,2026-06-21,,
TAL-00960,drawing_tools,opening range,resolved,2,2026-06-21,2026-06-21,,
TAL-01100,drawing_tools,rectangle,resolved,2,2026-06-27,2026-06-27,,
TAL-01120,drawing_tools,Tools,resolved,1,2026-06-28,2026-06-28,,
TAL-01121,drawing_tools,Tools,resolved,1,2026-06-28,2026-06-28,,
TAL-01122,drawing_tools,Tools,resolved,1,2026-06-28,2026-06-28,,
TAL-01123,drawing_tools,Tools/Brush,resolved,1,2026-06-28,2026-06-28,,
TAL-01124,drawing_tools,Tools/Brush,resolved,3,2026-06-28,2026-06-28,,
TAL-01125,drawing_tools,Tools/Brush,resolved,2,2026-06-28,2026-06-28,,
TAL-01126,drawing_tools,Tools,resolved,3,2026-06-28,2026-06-28,,
TAL-01128,drawing_tools,Tools/Highlight,resolved,1,2026-06-28,2026-06-28,,
TAL-01129,drawing_tools,Tools,resolved,2,2026-06-28,2026-06-28,,
TAL-01130,drawing_tools,Tools,resolved,1,2026-06-28,2026-06-28,,
TAL-01131,drawing_tools,Tools/line,resolved,1,2026-06-28,2026-06-28,,
TAL-01132,drawing_tools,Tools/line,resolved,1,2026-06-28,2026-06-28,,
TAL-01133,drawing_tools,Tools/Line,resolved,1,2026-06-28,2026-06-28,,
TAL-01134,drawing_tools,Tools/Line,resolved,1,2026-06-28,2026-06-28,,
TAL-01135,drawing_tools,Tools/Line,resolved,1,2026-06-28,2026-06-28,,
TAL-01136,drawing_tools,Tools/Line,resolved,1,2026-06-28,2026-06-28,,
TAL-01137,drawing_tools,Horizontal Ray,resolved,1,2026-06-28,2026-06-28,,
TAL-01138,drawing_tools,Horizontal Line,resolved,1,2026-06-28,2026-06-28,,
TAL-01139,drawing_tools,Vertical Line,resolved,1,2026-06-28,2026-06-28,,
TAL-01140,drawing_tools,Ray,resolved,1,2026-06-28,2026-06-28,,
TAL-01141,drawing_tools,Extended Line,resolved,1,2026-06-28,2026-06-28,,
TAL-01142,drawing_tools,Rectangle,user_replied,5,2026-06-28,2026-06-28,,yes
TAL-01143,drawing_tools,Tools,closed,1,2026-06-28,2026-06-28,,
TAL-01144,drawing_tools,Rectangle,resolved,1,2026-06-28,2026-06-28,,
TAL-01145,drawing_tools,Rectangle,resolved,1,2026-06-28,2026-06-28,,
TAL-01146,drawing_tools,Rectangle,user_replied,3,2026-06-28,2026-06-28,,yes
TAL-01148,drawing_tools,Tools,resolved,1,2026-06-28,2026-06-28,,
TAL-01149,drawing_tools,Ellipse,resolved,2,2026-06-28,2026-06-28,,
TAL-01150,drawing_tools,Ellipse,resolved,1,2026-06-28,2026-06-28,,
TAL-01151,drawing_tools,Circle,resolved,1,2026-06-28,2026-06-28,,
TAL-01152,drawing_tools,Tools,resolved,1,2026-06-28,2026-06-28,,
TAL-01153,drawing_tools,Tools,resolved,2,2026-06-28,2026-06-28,,
TAL-01154,drawing_tools,Arrow,resolved,1,2026-06-28,2026-06-28,,
TAL-01155,drawing_tools,Arrow,resolved,1,2026-06-28,2026-06-28,,
TAL-01156,drawing_tools,Tools,resolved,1,2026-06-28,2026-06-28,,
TAL-01160,drawing_tools,some text is soft gray should be clear,resolved,1,2026-06-28,2026-06-28,,
TAL-01163,drawing_tools,Tools,user_replied,4,2026-06-28,2026-06-28,,yes
TAL-01164,drawing_tools,Tools,resolved,2,2026-06-28,2026-06-28,,
TAL-01165,drawing_tools,Tools,resolved,1,2026-06-28,2026-06-28,,
TAL-01166,drawing_tools,Parallel channel,resolved,1,2026-06-28,2026-06-28,,
TAL-01167,drawing_tools,Parallel channel,resolved,1,2026-06-28,2026-06-28,,
TAL-01168,drawing_tools,Parallel channel,resolved,1,2026-06-28,2026-06-28,,
TAL-01169,drawing_tools,Parallel channel,resolved,1,2026-06-28,2026-06-28,,
TAL-01170,drawing_tools,Parallel channel,resolved,1,2026-06-28,2026-06-28,,
TAL-01171,drawing_tools,Parallel channel,resolved,2,2026-06-28,2026-06-28,,
TAL-01172,drawing_tools,Parallel channel,resolved,2,2026-06-28,2026-06-28,,
TAL-01173,drawing_tools,Parallel channel,resolved,2,2026-06-28,2026-06-28,,
TAL-01174,drawing_tools,Regression channel,resolved,1,2026-06-28,2026-06-28,,
TAL-01175,drawing_tools,Regression channel,resolved,2,2026-06-28,2026-06-28,,
TAL-01176,drawing_tools,Regression channel,resolved,1,2026-06-28,2026-06-28,,
TAL-01177,drawing_tools,Regression channel,resolved,1,2026-06-28,2026-06-28,,
TAL-01178,drawing_tools,Regression channel,resolved,1,2026-06-28,2026-06-28,,
TAL-01179,drawing_tools,Pitchfork,resolved,1,2026-06-28,2026-06-28,,
TAL-01180,drawing_tools,Pitchfork,resolved,2,2026-06-28,2026-06-28,,
TAL-01181,drawing_tools,Pitchfork,resolved,1,2026-06-28,2026-06-28,,
TAL-01182,drawing_tools,Pitchfork,resolved,1,2026-06-28,2026-06-28,,
TAL-01183,drawing_tools,Pitchfork,resolved,1,2026-06-28,2026-06-28,,
TAL-01184,drawing_tools,Fib Retracement,resolved,2,2026-06-28,2026-06-28,,
TAL-01188,drawing_tools,Fib Retracement,resolved,2,2026-06-29,2026-06-29,,
TAL-01189,drawing_tools,Fib Retracement,resolved,1,2026-06-29,2026-06-29,,
TAL-01190,drawing_tools,Fib Extension,resolved,1,2026-06-29,2026-06-29,,
TAL-01191,drawing_tools,Fib channel,resolved,1,2026-06-29,2026-06-29,,
TAL-01192,drawing_tools,Fib timezone,resolved,1,2026-06-29,2026-06-29,,
TAL-01193,drawing_tools,Fib timezone,resolved,1,2026-06-29,2026-06-29,,
TAL-01194,drawing_tools,Fib timezone,resolved,1,2026-06-29,2026-06-29,,
TAL-01195,drawing_tools,Fib timezone,resolved,1,2026-06-29,2026-06-29,,
TAL-01196,drawing_tools,Fib timezone,resolved,1,2026-06-29,2026-06-29,,
TAL-01197,drawing_tools,Fib timezone,resolved,1,2026-06-29,2026-06-29,,
TAL-01198,drawing_tools,Trend fib time,resolved,1,2026-06-29,2026-06-29,,
TAL-01199,drawing_tools,Trend fib time,resolved,1,2026-06-29,2026-06-29,,
TAL-01200,drawing_tools,All tools,resolved,1,2026-06-29,2026-06-29,,
TAL-01202,drawing_tools,Trend fib time,resolved,1,2026-06-29,2026-06-29,,
TAL-01203,drawing_tools,Trend fib time,resolved,1,2026-06-29,2026-06-29,,
TAL-01204,drawing_tools,Fib circles,resolved,1,2026-06-29,2026-06-29,,
TAL-01205,drawing_tools,Fib spiral,resolved,1,2026-06-29,2026-06-29,,
TAL-01206,drawing_tools,Fib arcs,resolved,1,2026-06-29,2026-06-29,,
TAL-01207,drawing_tools,Fib arcs,resolved,1,2026-06-29,2026-06-29,,
TAL-01208,drawing_tools,Fib wedge,resolved,1,2026-06-29,2026-06-29,,
TAL-01209,drawing_tools,Gann fan,resolved,1,2026-06-29,2026-06-29,,
TAL-01210,drawing_tools,Text,resolved,1,2026-06-29,2026-06-29,,
TAL-01211,drawing_tools,Text,resolved,1,2026-06-29,2026-06-29,,
TAL-01212,drawing_tools,text,resolved,1,2026-06-29,2026-06-29,,
TAL-01213,drawing_tools,Text,resolved,1,2026-06-29,2026-06-29,,
TAL-01214,drawing_tools,Text,resolved,1,2026-06-29,2026-06-29,,
TAL-01215,drawing_tools,Text,resolved,1,2026-06-29,2026-06-29,,
TAL-01216,drawing_tools,Note,resolved,1,2026-06-29,2026-06-29,,
TAL-01217,drawing_tools,Note,resolved,1,2026-06-29,2026-06-29,,
TAL-01218,drawing_tools,Note,resolved,1,2026-06-29,2026-06-29,,
TAL-01219,drawing_tools,Note,resolved,1,2026-06-29,2026-06-29,,
TAL-01220,drawing_tools,price-note,resolved,1,2026-06-29,2026-06-29,,
TAL-01221,drawing_tools,price-note,resolved,1,2026-06-29,2026-06-29,,
TAL-01222,drawing_tools,callout,resolved,1,2026-06-29,2026-06-29,,
TAL-01223,drawing_tools,callout,resolved,1,2026-06-29,2026-06-29,,
TAL-01224,drawing_tools,callout,resolved,1,2026-06-29,2026-06-29,,
TAL-01228,drawing_tools,pin,resolved,1,2026-06-29,2026-06-29,,
TAL-01229,drawing_tools,Pin,resolved,1,2026-06-29,2026-06-29,,
TAL-01230,drawing_tools,signpost,resolved,1,2026-06-29,2026-06-29,,
TAL-01233,drawing_tools,Xabcd pattern,resolved,1,2026-06-29,2026-06-29,,
TAL-01234,drawing_tools,Anchored VWAP,resolved,1,2026-06-29,2026-06-29,,
TAL-01261,drawing_tools,Donchian Channel,resolved,1,2026-06-29,2026-06-29,,
TAL-01262,drawing_tools,Keltner Channel,resolved,1,2026-06-29,2026-06-29,,
TAL-01278,drawing_tools,Commodity Channel Index,resolved,1,2026-06-29,2026-06-29,,
TAL-01292,drawing_tools,Elder Ray,resolved,1,2026-06-30,2026-06-30,,
TAL-01293,drawing_tools,Volume Profile,resolved,1,2026-06-30,2026-06-30,,
TAL-01294,drawing_tools,Volume Profile,resolved,1,2026-06-30,2026-06-30,,
TAL-01297,drawing_tools,Opening Range,resolved,1,2026-06-30,2026-06-30,,
TAL-01298,drawing_tools,Average Directional Index,resolved,1,2026-06-30,2026-06-30,,
TAL-01299,drawing_tools,Average Daily Range,resolved,1,2026-06-30,2026-06-30,,
TAL-01303,drawing_tools,Tools/brush,closed,1,2026-06-30,2026-06-30,,
TAL-01304,drawing_tools,Tools/Brush&Highlights,resolved,1,2026-06-30,2026-06-30,,
TAL-01305,drawing_tools,Tools/Line,resolved,1,2026-06-30,2026-06-30,,
TAL-01307,drawing_tools,Horizontal Ray,resolved,1,2026-06-30,2026-06-30,,
TAL-01308,drawing_tools,Horizontal Ray,resolved,1,2026-06-30,2026-06-30,,
TAL-01309,drawing_tools,Tools,resolved,1,2026-06-30,2026-06-30,,
TAL-01310,drawing_tools,Horizontal Line,resolved,1,2026-06-30,2026-06-30,,
TAL-01311,drawing_tools,Vertical Line,user_replied,2,2026-06-30,2026-06-30,,yes
TAL-01312,drawing_tools,Ray,resolved,1,2026-06-30,2026-06-30,,
TAL-01314,drawing_tools,Extended Line,resolved,2,2026-06-30,2026-06-30,,
TAL-01315,drawing_tools,Extended Line,resolved,1,2026-06-30,2026-06-30,,
TAL-01316,drawing_tools,Tools /Line,resolved,1,2026-06-30,2026-06-30,,
TAL-01317,drawing_tools,Horizontal Ray,resolved,1,2026-06-30,2026-06-30,,
TAL-01318,drawing_tools,Horizontal Ray,resolved,1,2026-06-30,2026-06-30,,
TAL-01319,drawing_tools,Horizontal Ray,resolved,1,2026-06-30,2026-06-30,,
TAL-01320,drawing_tools,Horizontal Line,resolved,1,2026-06-30,2026-06-30,,
TAL-01321,drawing_tools,Horizontal Line,resolved,1,2026-06-30,2026-06-30,,
TAL-01322,drawing_tools,Ray,resolved,1,2026-06-30,2026-06-30,,
TAL-01323,drawing_tools,Ray,resolved,1,2026-06-30,2026-06-30,,
TAL-01324,drawing_tools,Extended Line,resolved,1,2026-06-30,2026-06-30,,
TAL-01325,drawing_tools,Tools,resolved,2,2026-06-30,2026-06-30,,
TAL-01326,drawing_tools,Double curve,resolved,1,2026-06-30,2026-06-30,,
TAL-01327,drawing_tools,Rectangle,resolved,1,2026-06-30,2026-06-30,,
TAL-01329,drawing_tools,Arrow marker,resolved,2,2026-06-30,2026-06-30,,
TAL-01330,drawing_tools,Arrow marker,resolved,1,2026-06-30,2026-06-30,,
TAL-01331,drawing_tools,Arrow,resolved,1,2026-06-30,2026-06-30,,
TAL-01332,drawing_tools,Arrow,resolved,1,2026-06-30,2026-06-30,,
TAL-01333,drawing_tools,all tools with text option,resolved,1,2026-06-30,2026-06-30,,
TAL-01334,drawing_tools,Arrow,resolved,1,2026-06-30,2026-06-30,,
TAL-01335,drawing_tools,Arrow mark up/Down,resolved,1,2026-06-30,2026-06-30,,
TAL-01336,drawing_tools,Arrow mark down,resolved,1,2026-06-30,2026-06-30,,
TAL-01337,drawing_tools,Trend fib time,resolved,1,2026-06-30,2026-06-30,,
TAL-01338,drawing_tools,Fib spiral,resolved,1,2026-06-30,2026-06-30,,
TAL-01339,drawing_tools,Fib arcs,resolved,1,2026-06-30,2026-06-30,,
TAL-01340,drawing_tools,Fib wedge,resolved,1,2026-06-30,2026-06-30,,
TAL-01341,drawing_tools,Tools,resolved,1,2026-06-30,2026-06-30,,
TAL-01342,drawing_tools,Gann box,resolved,1,2026-06-30,2026-06-30,,
TAL-01343,drawing_tools,text,resolved,1,2026-06-30,2026-06-30,,
TAL-01344,drawing_tools,text,resolved,1,2026-06-30,2026-06-30,,
TAL-01345,drawing_tools,Tools,resolved,2,2026-06-30,2026-06-30,,
TAL-01346,drawing_tools,Pin,resolved,1,2026-06-30,2026-06-30,,
TAL-01347,drawing_tools,signpost,resolved,1,2026-06-30,2026-06-30,,
TAL-01348,drawing_tools,Signpost,resolved,1,2026-06-30,2026-06-30,,
TAL-01349,drawing_tools,Image,resolved,1,2026-06-30,2026-06-30,,
TAL-01350,drawing_tools,Elliott,resolved,1,2026-06-30,2026-06-30,,
TAL-01351,drawing_tools,Xabcd pattern,resolved,1,2026-06-30,2026-06-30,,
TAL-01354,drawing_tools,Brush,user_replied,4,2026-07-01,2026-07-02,,yes
TAL-01359,drawing_tools,Double curve,resolved,1,2026-07-01,2026-07-01,,
TAL-01375,drawing_tools,left tools,resolved,1,2026-07-01,2026-07-01,,
TAL-01415,drawing_tools,text,resolved,7,2026-07-02,2026-07-02,,
TAL-01421,drawing_tools,"fix the flags of the news, the euro flags are wrong",closed,1,2026-07-02,2026-07-02,,
TAL-01451,drawing_tools,Grid Lines,resolved,1,2026-07-03,2026-07-03,,
TAL-01472,drawing_tools,Tools,open,1,2026-07-04,2026-07-04,,yes
TAL-00329,indicators,SMA,user_replied,12,2026-06-01,2026-06-21,yes,yes
TAL-00350,indicators,indicator,user_replied,13,2026-06-02,2026-06-20,yes,yes
TAL-00376,indicators,PSAR,user_replied,3,2026-06-03,2026-06-21,yes,yes
TAL-00377,indicators,Aroon,user_replied,6,2026-06-03,2026-06-21,yes,yes
TAL-00384,indicators,RSI,user_replied,6,2026-06-03,2026-06-21,yes,yes
TAL-00391,indicators,MACD,user_replied,11,2026-06-03,2026-06-21,yes,yes
TAL-00392,indicators,Stoch,user_replied,7,2026-06-03,2026-06-21,yes,yes
TAL-00413,indicators,CCI,user_replied,5,2026-06-04,2026-06-21,yes,yes
TAL-00422,indicators,Awesome Oscillator,user_replied,3,2026-06-04,2026-06-17,,yes
TAL-00443,indicators,ATR,user_replied,3,2026-06-04,2026-06-21,yes,yes
TAL-00448,indicators,vortix,user_replied,5,2026-06-04,2026-06-21,yes,yes
TAL-00451,indicators,volume,user_replied,11,2026-06-04,2026-06-21,yes,yes
TAL-00454,indicators,OBV,user_replied,9,2026-06-04,2026-06-21,yes,yes
TAL-00455,indicators,CMF,user_replied,4,2026-06-04,2026-06-21,yes,yes
TAL-00488,indicators,ict killzones,user_replied,15,2026-06-05,2026-06-21,yes,yes
TAL-00501,indicators,ADR,user_replied,3,2026-06-05,2026-06-21,yes,yes
TAL-00818,indicators,indicator,resolved,8,2026-06-18,2026-06-21,,
TAL-00828,indicators,volume,resolved,1,2026-06-19,2026-06-19,,
TAL-00893,indicators,Double EMA,resolved,1,2026-06-20,2026-06-20,,
TAL-00894,indicators,Triple EMA,resolved,1,2026-06-20,2026-06-20,,
TAL-00895,indicators,Hull Moving Average,resolved,1,2026-06-20,2026-06-20,,
TAL-00897,indicators,Bollinger Bands,resolved,1,2026-06-20,2026-06-20,,
TAL-00900,indicators,Parabolic SAR,resolved,1,2026-06-20,2026-06-20,,
TAL-00901,indicators,Aroon,resolved,1,2026-06-20,2026-06-20,,
TAL-00903,indicators,indicator,resolved,2,2026-06-20,2026-06-20,,
TAL-00906,indicators,COT net,resolved,1,2026-06-20,2026-06-20,,
TAL-00944,indicators,Donchian,resolved,2,2026-06-21,2026-06-21,,
TAL-00946,indicators,keltner,resolved,3,2026-06-21,2026-06-21,,
TAL-00949,indicators,Awesome Oscillator,resolved,2,2026-06-21,2026-06-22,,
TAL-00955,indicators,ADX,resolved,2,2026-06-21,2026-06-21,,
TAL-00956,indicators,COT,resolved,1,2026-06-21,2026-06-21,,
TAL-01235,indicators,indicator,resolved,2,2026-06-29,2026-06-29,,
TAL-01236,indicators,indicator,resolved,1,2026-06-29,2026-06-29,,
TAL-01237,indicators,indicator,resolved,1,2026-06-29,2026-06-29,,
TAL-01238,indicators,indicator,resolved,1,2026-06-29,2026-06-29,,
TAL-01240,indicators,indicators,resolved,2,2026-06-29,2026-06-29,,
TAL-01241,indicators,indicators,resolved,1,2026-06-29,2026-06-29,,
TAL-01242,indicators,indicators,resolved,1,2026-06-29,2026-06-29,,
TAL-01244,indicators,indicators,resolved,1,2026-06-29,2026-06-29,,
TAL-01245,indicators,indicators,resolved,1,2026-06-29,2026-06-29,,
TAL-01246,indicators,indicators,resolved,1,2026-06-29,2026-06-29,,
TAL-01249,indicators,indicators,resolved,1,2026-06-29,2026-06-29,,
TAL-01251,indicators,EMA-Based MA,resolved,2,2026-06-29,2026-06-29,,
TAL-01258,indicators,Hull Moving Average,resolved,1,2026-06-29,2026-06-29,,
TAL-01259,indicators,Bollinger Bands,resolved,1,2026-06-29,2026-06-29,,
TAL-01260,indicators,indicator s,resolved,2,2026-06-29,2026-06-29,,
TAL-01263,indicators,Parabolic SAR,user_replied,4,2026-06-29,2026-06-30,,yes
TAL-01264,indicators,Aroon,resolved,1,2026-06-29,2026-06-29,,
TAL-01265,indicators,Aroon,resolved,1,2026-06-29,2026-06-29,,
TAL-01266,indicators,Aroon,resolved,1,2026-06-29,2026-06-29,,
TAL-01267,indicators,Aroon,resolved,1,2026-06-29,2026-06-29,,
TAL-01268,indicators,Aroon,resolved,1,2026-06-29,2026-06-29,,
TAL-01269,indicators,indicator,resolved,1,2026-06-29,2026-06-29,,
TAL-01272,indicators,MACD,resolved,1,2026-06-29,2026-06-29,,
TAL-01273,indicators,MACD,closed,1,2026-06-29,2026-06-29,,
TAL-01274,indicators,MACD,resolved,1,2026-06-29,2026-06-29,,
TAL-01275,indicators,Stochastic,resolved,1,2026-06-29,2026-06-29,,
TAL-01276,indicators,Stochastic RSI,resolved,1,2026-06-29,2026-06-29,,
TAL-01277,indicators,indicator,resolved,3,2026-06-29,2026-06-29,,
TAL-01279,indicators,Momentum,resolved,1,2026-06-29,2026-06-29,,
TAL-01280,indicators,indicators,resolved,1,2026-06-29,2026-06-29,,
TAL-01282,indicators,indicators,resolved,1,2026-06-30,2026-06-30,,
TAL-01285,indicators,indicators,resolved,2,2026-06-30,2026-06-30,,
TAL-01286,indicators,indicator,resolved,1,2026-06-30,2026-06-30,,
TAL-01287,indicators,indicators,resolved,1,2026-06-30,2026-06-30,,
TAL-01288,indicators,indicators,resolved,1,2026-06-30,2026-06-30,,
TAL-01289,indicators,indicators,resolved,1,2026-06-30,2026-06-30,,
TAL-01290,indicators,Awesome Oscillator,resolved,1,2026-06-30,2026-06-30,,
TAL-01291,indicators,indicators,resolved,1,2026-06-30,2026-06-30,,
TAL-01295,indicators,CT Kill Zones indicator,resolved,1,2026-06-30,2026-06-30,,
TAL-01296,indicators,ICT indicators,resolved,2,2026-06-30,2026-06-30,,
TAL-01300,indicators,Cot Net,resolved,2,2026-06-30,2026-06-30,,
TAL-01302,indicators,indicators,resolved,1,2026-06-30,2026-06-30,,
TAL-01473,indicators,Indicators,resolved,1,2026-07-04,2026-07-04,,
TAL-00473,journal_app,Session boxes,user_replied,5,2026-06-05,2026-06-21,yes,yes
TAL-00908,journal_app,Trade notes / journal,resolved,1,2026-06-21,2026-06-21,,
TAL-00975,journal_app,Strategy bank,pending,7,2026-06-22,2026-06-24,,yes
TAL-00976,journal_app,strategy bank - template,resolved,3,2026-06-22,2026-06-22,,
TAL-00977,journal_app,strategy,resolved,3,2026-06-22,2026-06-25,,
TAL-00978,journal_app,strategy / Select 6 timeframes (max).,resolved,2,2026-06-22,2026-06-22,,
TAL-00979,journal_app,strategy flow,resolved,1,2026-06-22,2026-06-22,,
TAL-00981,journal_app,session,resolved,10,2026-06-22,2026-06-23,,
TAL-00982,journal_app,session journal,resolved,4,2026-06-22,2026-06-22,,
TAL-00983,journal_app,Strategies,resolved,1,2026-06-22,2026-06-22,,
TAL-00984,journal_app,strategy,resolved,1,2026-06-22,2026-06-22,,
TAL-00985,journal_app,Strategies,resolved,1,2026-06-22,2026-06-22,,
TAL-00986,journal_app,Strategies,resolved,1,2026-06-22,2026-06-22,,
TAL-00987,journal_app,Strategies,resolved,1,2026-06-23,2026-06-23,,
TAL-00988,journal_app,Strategies,resolved,1,2026-06-23,2026-06-23,,
TAL-00989,journal_app,Strategies,resolved,1,2026-06-23,2026-06-23,,
TAL-00992,journal_app,New session window,resolved,5,2026-06-23,2026-06-23,,
TAL-00997,journal_app,prop session,closed,2,2026-06-23,2026-06-23,,
TAL-00999,journal_app,Strategies,resolved,1,2026-06-23,2026-06-23,,
TAL-01000,journal_app,Strategies,resolved,1,2026-06-23,2026-06-23,,
TAL-01003,journal_app,Strategies,resolved,1,2026-06-23,2026-06-23,,
TAL-01004,journal_app,Strategies,resolved,1,2026-06-23,2026-06-23,,
TAL-01005,journal_app,Strategies,resolved,1,2026-06-23,2026-06-23,,
TAL-01006,journal_app,Strategies,resolved,1,2026-06-23,2026-06-23,,
TAL-01007,journal_app,Strategies,resolved,1,2026-06-23,2026-06-23,,
TAL-01008,journal_app,Strategies,resolved,1,2026-06-23,2026-06-23,,
TAL-01009,journal_app,Strategies,resolved,1,2026-06-23,2026-06-23,,
TAL-01010,journal_app,Strategies,resolved,1,2026-06-23,2026-06-23,,
TAL-01011,journal_app,Strategies,resolved,1,2026-06-24,2026-06-24,,
TAL-01012,journal_app,Strategies,resolved,1,2026-06-24,2026-06-24,,
TAL-01013,journal_app,Strategies,resolved,1,2026-06-24,2026-06-24,,
TAL-01014,journal_app,Strategies,resolved,1,2026-06-24,2026-06-24,,
TAL-01015,journal_app,Strategies,resolved,1,2026-06-24,2026-06-24,,
TAL-01017,journal_app,Strategies,resolved,2,2026-06-24,2026-06-24,,
TAL-01018,journal_app,Strategies,resolved,2,2026-06-24,2026-06-24,,
TAL-01019,journal_app,Strategies,resolved,1,2026-06-24,2026-06-24,,
TAL-01020,journal_app,Strategies,resolved,1,2026-06-24,2026-06-24,,
TAL-01024,journal_app,trades from session,resolved,2,2026-06-24,2026-06-24,,
TAL-01026,journal_app,session progress,user_replied,2,2026-06-24,2026-06-25,,yes
TAL-01027,journal_app,card,resolved,1,2026-06-24,2026-06-24,,
TAL-01031,journal_app,Import trades (Important),resolved,3,2026-06-24,2026-06-25,,
TAL-01038,journal_app,Sessions — Filters,resolved,1,2026-06-24,2026-06-24,,
TAL-01039,journal_app,Sessions,resolved,1,2026-06-24,2026-06-24,,
TAL-01041,journal_app,Sessions,resolved,1,2026-06-24,2026-06-24,,
TAL-01042,journal_app,Sessions,resolved,1,2026-06-24,2026-06-24,,
TAL-01043,journal_app,Session,resolved,1,2026-06-24,2026-06-24,,
TAL-01044,journal_app,Session,resolved,1,2026-06-24,2026-06-24,,
TAL-01045,journal_app,Session,resolved,1,2026-06-24,2026-06-24,,
TAL-01046,journal_app,Session,resolved,1,2026-06-24,2026-06-24,,
TAL-01047,journal_app,Session,resolved,1,2026-06-24,2026-06-24,,
TAL-01048,journal_app,Session,resolved,1,2026-06-24,2026-06-24,,
TAL-01049,journal_app,Session,resolved,2,2026-06-24,2026-06-26,,
TAL-01050,journal_app,session,resolved,1,2026-06-25,2026-06-25,,
TAL-01051,journal_app,Session,resolved,1,2026-06-25,2026-06-25,,
TAL-01052,journal_app,Session,resolved,1,2026-06-25,2026-06-25,,
TAL-01053,journal_app,Session,resolved,1,2026-06-25,2026-06-25,,
TAL-01054,journal_app,Session,resolved,1,2026-06-25,2026-06-25,,
TAL-01064,journal_app,session spread,resolved,3,2026-06-25,2026-06-25,,
TAL-01065,journal_app,play session from trades,open,1,2026-06-25,2026-06-25,,yes
TAL-01085,journal_app,session,resolved,1,2026-06-26,2026-06-26,,
TAL-01086,journal_app,Session,resolved,1,2026-06-26,2026-06-26,,
TAL-01087,journal_app,Session,resolved,1,2026-06-26,2026-06-26,,
TAL-01088,journal_app,Session,resolved,1,2026-06-26,2026-06-26,,
TAL-01089,journal_app,Session,pending,3,2026-06-26,2026-06-26,,yes
TAL-01090,journal_app,Session,resolved,1,2026-06-26,2026-06-26,,
TAL-01091,journal_app,Session,resolved,1,2026-06-26,2026-06-26,,
TAL-01092,journal_app,Session,resolved,1,2026-06-26,2026-06-26,,
TAL-01093,journal_app,Session,resolved,1,2026-06-26,2026-06-26,,
TAL-01094,journal_app,Session,resolved,1,2026-06-26,2026-06-26,,
TAL-01098,journal_app,session,resolved,1,2026-06-26,2026-06-26,,
TAL-01110,journal_app,Session,resolved,1,2026-06-27,2026-06-27,,
TAL-01111,journal_app,Session,resolved,1,2026-06-27,2026-06-27,,
TAL-01112,journal_app,Session,resolved,3,2026-06-27,2026-06-28,,
TAL-01113,journal_app,Strategies,resolved,1,2026-06-27,2026-06-27,,
TAL-01114,journal_app,Strategies,resolved,1,2026-06-27,2026-06-27,,
TAL-01115,journal_app,Strategies,resolved,1,2026-06-27,2026-06-27,,
TAL-01117,journal_app,Strategies,resolved,1,2026-06-27,2026-06-27,,
TAL-01118,journal_app,Strategies,resolved,1,2026-06-27,2026-06-27,,
TAL-01119,journal_app,Strategies,resolved,1,2026-06-27,2026-06-27,,
TAL-01161,journal_app,some chart and card on dashboard not linked to filter,resolved,1,2026-06-28,2026-06-28,,
TAL-01448,journal_app,delete session,user_replied,6,2026-07-03,2026-07-03,,yes
TAL-01449,journal_app,Session three dots,resolved,1,2026-07-03,2026-07-03,,
TAL-01503,journal_app,Switch between Card & row,resolved,1,2026-07-04,2026-07-04,,
TAL-01504,journal_app,Strategy emoji,closed,3,2026-07-04,2026-07-05,,
TAL-01505,journal_app,strategy flow,resolved,1,2026-07-04,2026-07-04,,
TAL-01506,journal_app,Strategy timeframe,resolved,1,2026-07-04,2026-07-04,,
TAL-01507,journal_app,strategy add tags,resolved,1,2026-07-04,2026-07-04,,
TAL-01508,journal_app,strategy flow / condition,resolved,1,2026-07-04,2026-07-04,,
TAL-01509,journal_app,strategy bank names,resolved,1,2026-07-04,2026-07-04,,
TAL-01510,journal_app,strategy image,resolved,1,2026-07-04,2026-07-04,,
TAL-01511,journal_app,strategy copy,closed,3,2026-07-04,2026-07-05,,
TAL-01512,journal_app,build strategy,resolved,2,2026-07-04,2026-07-04,,
TAL-01515,journal_app,build strategy group,resolved,2,2026-07-04,2026-07-04,,
TAL-01516,journal_app,Strategies,closed,1,2026-07-05,2026-07-05,,
TAL-01517,journal_app,Strategies,resolved,1,2026-07-05,2026-07-05,,
TAL-01518,journal_app,Strategies,resolved,2,2026-07-05,2026-07-05,,
TAL-01519,journal_app,Strategies,user_replied,3,2026-07-05,2026-07-05,,yes
TAL-01520,journal_app,Strategies,resolved,1,2026-07-05,2026-07-05,,
TAL-01521,journal_app,Strategies,resolved,1,2026-07-05,2026-07-05,,
TAL-01522,journal_app,Strategies,open,1,2026-07-05,2026-07-05,,yes
TAL-01523,journal_app,Strategies,resolved,1,2026-07-05,2026-07-05,,
TAL-01524,journal_app,Strategies,resolved,1,2026-07-05,2026-07-05,,
TAL-01525,journal_app,Strategies,resolved,1,2026-07-05,2026-07-05,,
TAL-01526,journal_app,Strategies,closed,2,2026-07-05,2026-07-05,,
TAL-01527,journal_app,Strategies,user_replied,3,2026-07-05,2026-07-05,,yes
TAL-01528,journal_app,Strategies,resolved,1,2026-07-05,2026-07-05,,
TAL-01529,journal_app,Strategies,resolved,1,2026-07-05,2026-07-05,,
TAL-01530,journal_app,Strategies,resolved,1,2026-07-05,2026-07-05,,
TAL-01531,journal_app,Strategies,resolved,1,2026-07-05,2026-07-05,,
TAL-01532,journal_app,Strategies,resolved,2,2026-07-05,2026-07-05,,
TAL-01533,journal_app,Strategies,resolved,1,2026-07-05,2026-07-05,,
TAL-01534,journal_app,Strategies,resolved,1,2026-07-05,2026-07-05,,
TAL-01535,journal_app,Strategies,closed,1,2026-07-05,2026-07-05,,
TAL-01537,journal_app,Strategies,open,1,2026-07-05,2026-07-05,,yes
TAL-01538,journal_app,Strategies,resolved,1,2026-07-05,2026-07-05,,
TAL-01539,journal_app,Sessions And Trades,resolved,1,2026-07-05,2026-07-05,,
TAL-01540,journal_app,Session,resolved,1,2026-07-05,2026-07-05,,
TAL-01541,journal_app,Sessions calculate,closed,2,2026-07-05,2026-07-05,,
TAL-01542,journal_app,Session,closed,1,2026-07-05,2026-07-05,,
TAL-01543,journal_app,Session,closed,2,2026-07-05,2026-07-05,,
TAL-01544,journal_app,Sessions,user_replied,3,2026-07-05,2026-07-05,,yes
TAL-01545,journal_app,Session,open,1,2026-07-05,2026-07-05,,yes
TAL-01546,journal_app,Session,resolved,2,2026-07-05,2026-07-05,,
TAL-01549,journal_app,session / new session,resolved,1,2026-07-05,2026-07-05,,
TAL-01550,journal_app,sessions /numbers boxes,resolved,1,2026-07-05,2026-07-05,,
TAL-01551,journal_app,sessions / columns,closed,1,2026-07-05,2026-07-05,,
TAL-01552,journal_app,delete journal,resolved,1,2026-07-05,2026-07-05,,
TAL-01553,journal_app,names journal,resolved,2,2026-07-05,2026-07-05,,
TAL-01554,journal_app,Session,resolved,1,2026-07-05,2026-07-05,,
TAL-01555,journal_app,Session,resolved,1,2026-07-05,2026-07-05,,
TAL-01556,journal_app,big number on journal,open,2,2026-07-05,2026-07-05,,yes
TAL-01557,journal_app,strategy / Markets,open,2,2026-07-05,2026-07-05,,yes
TAL-01558,journal_app,strategy disciption,open,1,2026-07-06,2026-07-06,,yes
TAL-00887,multichart_layouts,Load layout Ctrl+L,resolved,1,2026-06-20,2026-06-20,,
TAL-00914,multichart_layouts,Layouts,resolved,1,2026-06-21,2026-06-21,,
TAL-00915,multichart_layouts,Layouts,resolved,2,2026-06-21,2026-06-21,,
TAL-00917,multichart_layouts,Layouts,resolved,1,2026-06-21,2026-06-21,,
TAL-00919,multichart_layouts,News Panel,resolved,1,2026-06-21,2026-06-21,,
TAL-00920,multichart_layouts,Layouts,resolved,1,2026-06-21,2026-06-21,,
TAL-00923,multichart_layouts,Layouts,resolved,1,2026-06-21,2026-06-21,,
TAL-00925,multichart_layouts,Layouts,resolved,2,2026-06-21,2026-06-21,,
TAL-00926,multichart_layouts,layouts,resolved,7,2026-06-21,2026-06-21,,
TAL-00927,multichart_layouts,Independent timeframe per panel,resolved,2,2026-06-21,2026-06-21,,
TAL-00928,multichart_layouts,layouts indicator,resolved,2,2026-06-21,2026-06-21,,
TAL-00929,multichart_layouts,Layouts,resolved,1,2026-06-21,2026-06-21,,
TAL-00930,multichart_layouts,Layouts,resolved,1,2026-06-21,2026-06-21,,
TAL-00931,multichart_layouts,Load multichart layout,resolved,1,2026-06-21,2026-06-21,,
TAL-00932,multichart_layouts,Layouts,resolved,1,2026-06-21,2026-06-21,,
TAL-00934,multichart_layouts,Drawing on focused panel,resolved,1,2026-06-21,2026-06-21,,
TAL-00935,multichart_layouts,settings indicator layouts,resolved,2,2026-06-21,2026-06-21,,
TAL-00936,multichart_layouts,Layouts,resolved,1,2026-06-21,2026-06-21,,
TAL-00937,multichart_layouts,Layouts,resolved,1,2026-06-21,2026-06-21,,
TAL-00939,multichart_layouts,Layouts,resolved,1,2026-06-21,2026-06-21,,
TAL-00940,multichart_layouts,Layouts,resolved,1,2026-06-21,2026-06-21,,
TAL-00941,multichart_layouts,Layouts,resolved,1,2026-06-21,2026-06-21,,
TAL-00942,multichart_layouts,Layouts,resolved,1,2026-06-21,2026-06-21,,
TAL-00945,multichart_layouts,Layouts,resolved,2,2026-06-21,2026-06-21,,
TAL-00947,multichart_layouts,Layouts,resolved,2,2026-06-21,2026-06-21,,
TAL-00948,multichart_layouts,Layouts,resolved,1,2026-06-21,2026-06-21,,
TAL-00950,multichart_layouts,Layouts,resolved,1,2026-06-21,2026-06-21,,
TAL-00951,multichart_layouts,Layouts,resolved,2,2026-06-21,2026-06-25,,
TAL-00952,multichart_layouts,Layouts,resolved,2,2026-06-21,2026-06-21,,
TAL-00957,multichart_layouts,Layouts,resolved,1,2026-06-21,2026-06-21,,
TAL-00958,multichart_layouts,Layouts,resolved,1,2026-06-21,2026-06-21,,
TAL-00959,multichart_layouts,Layouts,resolved,1,2026-06-21,2026-06-21,,
TAL-00961,multichart_layouts,Layouts,resolved,1,2026-06-21,2026-06-21,,
TAL-00962,multichart_layouts,Layouts,resolved,1,2026-06-21,2026-06-21,,
TAL-00963,multichart_layouts,Layouts,resolved,1,2026-06-21,2026-06-21,,
TAL-00964,multichart_layouts,Layouts,resolved,1,2026-06-21,2026-06-21,,
TAL-00965,multichart_layouts,Layouts,resolved,1,2026-06-21,2026-06-21,,
TAL-00966,multichart_layouts,Layouts,resolved,1,2026-06-21,2026-06-21,,
TAL-00967,multichart_layouts,Layouts,resolved,1,2026-06-21,2026-06-21,,
TAL-00968,multichart_layouts,Layouts,resolved,1,2026-06-21,2026-06-21,,
TAL-00969,multichart_layouts,Layouts,resolved,1,2026-06-21,2026-06-21,,
TAL-00970,multichart_layouts,Layouts,resolved,1,2026-06-22,2026-06-22,,
TAL-00971,multichart_layouts,Layouts,resolved,2,2026-06-22,2026-06-22,,
TAL-00972,multichart_layouts,Layouts,resolved,2,2026-06-22,2026-06-22,,
TAL-00973,multichart_layouts,Layouts,resolved,1,2026-06-22,2026-06-22,,
TAL-00974,multichart_layouts,Layouts,resolved,2,2026-06-22,2026-06-22,,
TAL-01016,multichart_layouts,Strategies,resolved,1,2026-06-24,2026-06-24,,
TAL-01105,multichart_layouts,layouts 8,resolved,1,2026-06-27,2026-06-27,,
TAL-01116,multichart_layouts,Strategies,resolved,1,2026-06-27,2026-06-27,,
TAL-01185,multichart_layouts,layouts,resolved,6,2026-06-28,2026-06-28,,
TAL-01360,multichart_layouts,Layouts-menu,resolved,1,2026-07-01,2026-07-01,,
TAL-01362,multichart_layouts,Layouts,resolved,1,2026-07-01,2026-07-01,,
TAL-01363,multichart_layouts,Layouts,resolved,1,2026-07-01,2026-07-01,,
TAL-01364,multichart_layouts,Layouts,resolved,1,2026-07-01,2026-07-01,,
TAL-01365,multichart_layouts,Layouts,resolved,1,2026-07-01,2026-07-01,,
TAL-01366,multichart_layouts,Layouts,resolved,1,2026-07-01,2026-07-01,,
TAL-01367,multichart_layouts,Layouts,resolved,2,2026-07-01,2026-07-01,,
TAL-01368,multichart_layouts,Layouts,resolved,1,2026-07-01,2026-07-01,,
TAL-01369,multichart_layouts,Layouts,resolved,1,2026-07-01,2026-07-01,,
TAL-01370,multichart_layouts,Layouts,resolved,1,2026-07-01,2026-07-01,,
TAL-01372,multichart_layouts,Layouts,resolved,1,2026-07-01,2026-07-01,,
TAL-01376,multichart_layouts,Layouts,resolved,1,2026-07-01,2026-07-01,,
TAL-01377,multichart_layouts,Layouts,resolved,1,2026-07-01,2026-07-01,,
TAL-01378,multichart_layouts,Layouts,resolved,1,2026-07-01,2026-07-01,,
TAL-01379,multichart_layouts,Layouts,resolved,1,2026-07-01,2026-07-01,,
TAL-01380,multichart_layouts,Layouts,resolved,1,2026-07-01,2026-07-01,,
TAL-01381,multichart_layouts,Layouts,resolved,1,2026-07-01,2026-07-01,,
TAL-01382,multichart_layouts,Layouts,resolved,1,2026-07-01,2026-07-01,,
TAL-01386,multichart_layouts,Layouts,resolved,1,2026-07-01,2026-07-01,,
TAL-01387,multichart_layouts,Layouts,closed,1,2026-07-01,2026-07-01,,
TAL-01388,multichart_layouts,Layouts,resolved,1,2026-07-01,2026-07-01,,
TAL-01389,multichart_layouts,Layouts,resolved,2,2026-07-01,2026-07-01,,
TAL-01390,multichart_layouts,Layouts,resolved,1,2026-07-01,2026-07-01,,
TAL-01391,multichart_layouts,Layouts,resolved,1,2026-07-01,2026-07-01,,
TAL-01392,multichart_layouts,Layouts,resolved,1,2026-07-01,2026-07-01,,
TAL-01393,multichart_layouts,Layouts,resolved,1,2026-07-01,2026-07-01,,
TAL-01394,multichart_layouts,Layouts,resolved,1,2026-07-01,2026-07-01,,
TAL-01395,multichart_layouts,Layouts,resolved,1,2026-07-01,2026-07-01,,
TAL-01396,multichart_layouts,Layouts,resolved,1,2026-07-02,2026-07-02,,
TAL-01397,multichart_layouts,Layouts,resolved,1,2026-07-02,2026-07-02,,
TAL-01398,multichart_layouts,Layouts,resolved,1,2026-07-02,2026-07-02,,
TAL-01399,multichart_layouts,Layouts,resolved,1,2026-07-02,2026-07-02,,
TAL-01400,multichart_layouts,Layouts,resolved,1,2026-07-02,2026-07-02,,
TAL-01401,multichart_layouts,Layouts,resolved,1,2026-07-02,2026-07-02,,
TAL-01402,multichart_layouts,Layouts,resolved,1,2026-07-02,2026-07-02,,
TAL-01403,multichart_layouts,Layouts,resolved,2,2026-07-02,2026-07-02,,
TAL-01404,multichart_layouts,Layouts,resolved,1,2026-07-02,2026-07-02,,
TAL-01405,multichart_layouts,Layouts,resolved,1,2026-07-02,2026-07-02,,
TAL-01406,multichart_layouts,Layouts,resolved,2,2026-07-02,2026-07-02,,
TAL-01412,multichart_layouts,Layouts,resolved,2,2026-07-02,2026-07-02,,
TAL-01417,multichart_layouts,Layouts,resolved,1,2026-07-02,2026-07-02,,
TAL-01418,multichart_layouts,Layouts,resolved,1,2026-07-02,2026-07-02,,
TAL-01420,multichart_layouts,grid lines moving when openning the layout,closed,1,2026-07-02,2026-07-02,,
TAL-01422,multichart_layouts,Layouts/Symbol,resolved,1,2026-07-03,2026-07-03,,
TAL-01423,multichart_layouts,Layouts,resolved,1,2026-07-03,2026-07-03,,
TAL-01424,multichart_layouts,Layouts,resolved,1,2026-07-03,2026-07-03,,
TAL-01425,multichart_layouts,Layouts,resolved,1,2026-07-03,2026-07-03,,
TAL-01426,multichart_layouts,Layouts,user_replied,2,2026-07-03,2026-07-03,,yes
TAL-01427,multichart_layouts,Layouts,resolved,1,2026-07-03,2026-07-03,,
TAL-01428,multichart_layouts,Layouts,resolved,1,2026-07-03,2026-07-03,,
TAL-01429,multichart_layouts,Layouts,resolved,2,2026-07-03,2026-07-03,,
TAL-01430,multichart_layouts,Layouts,resolved,1,2026-07-03,2026-07-03,,
TAL-01431,multichart_layouts,Layouts,resolved,2,2026-07-03,2026-07-03,,
TAL-01432,multichart_layouts,Layouts,resolved,1,2026-07-03,2026-07-03,,
TAL-01433,multichart_layouts,Layouts,resolved,1,2026-07-03,2026-07-03,,
TAL-01434,multichart_layouts,Layouts,resolved,1,2026-07-03,2026-07-03,,
TAL-01435,multichart_layouts,Layouts,resolved,2,2026-07-03,2026-07-03,,
TAL-01436,multichart_layouts,Layouts,resolved,1,2026-07-03,2026-07-03,,
TAL-01437,multichart_layouts,Layouts,resolved,2,2026-07-03,2026-07-03,,
TAL-01438,multichart_layouts,Layouts,resolved,1,2026-07-03,2026-07-03,,
TAL-01439,multichart_layouts,Layouts,resolved,1,2026-07-03,2026-07-03,,
TAL-01440,multichart_layouts,Layouts,open,1,2026-07-03,2026-07-03,,yes
TAL-01441,multichart_layouts,Layouts,resolved,1,2026-07-03,2026-07-03,,
TAL-01442,multichart_layouts,Layouts/ Object Tree,resolved,1,2026-07-03,2026-07-03,,
TAL-01443,multichart_layouts,Layouts,resolved,1,2026-07-03,2026-07-03,,
TAL-01444,multichart_layouts,Layouts,resolved,3,2026-07-03,2026-07-03,,
TAL-01445,multichart_layouts,Layouts,resolved,1,2026-07-03,2026-07-03,,
TAL-01447,multichart_layouts,Layouts,resolved,1,2026-07-03,2026-07-03,,
TAL-01453,multichart_layouts,Layouts,closed,2,2026-07-03,2026-07-03,,
TAL-01454,multichart_layouts,Layouts,closed,1,2026-07-03,2026-07-03,,
TAL-01455,multichart_layouts,Layouts,closed,1,2026-07-03,2026-07-03,,
TAL-01456,multichart_layouts,Layouts,closed,1,2026-07-03,2026-07-03,,
TAL-01457,multichart_layouts,Layouts,resolved,1,2026-07-03,2026-07-03,,
TAL-01458,multichart_layouts,Layouts,closed,1,2026-07-03,2026-07-03,,
TAL-01459,multichart_layouts,Layouts,resolved,1,2026-07-03,2026-07-03,,
TAL-01460,multichart_layouts,Layouts,closed,1,2026-07-03,2026-07-03,,
TAL-01461,multichart_layouts,Layouts,closed,1,2026-07-03,2026-07-03,,
TAL-01462,multichart_layouts,Layouts,closed,1,2026-07-03,2026-07-03,,
TAL-01463,multichart_layouts,Layouts,closed,1,2026-07-03,2026-07-03,,
TAL-01464,multichart_layouts,Layouts,resolved,1,2026-07-03,2026-07-03,,
TAL-01465,multichart_layouts,Layouts,closed,2,2026-07-03,2026-07-03,,
TAL-01466,multichart_layouts,Layouts,closed,1,2026-07-03,2026-07-03,,
TAL-01467,multichart_layouts,Layouts,resolved,1,2026-07-03,2026-07-03,,
TAL-01468,multichart_layouts,Layouts,closed,1,2026-07-03,2026-07-03,,
TAL-01469,multichart_layouts,Layouts,resolved,2,2026-07-03,2026-07-03,,
TAL-01470,multichart_layouts,Layouts,closed,1,2026-07-03,2026-07-03,,
TAL-01471,multichart_layouts,Layouts,closed,1,2026-07-04,2026-07-04,,
TAL-01474,multichart_layouts,Layouts,closed,1,2026-07-04,2026-07-04,,
TAL-01475,multichart_layouts,Layouts,closed,2,2026-07-04,2026-07-04,,
TAL-01476,multichart_layouts,Layouts,closed,1,2026-07-04,2026-07-04,,
TAL-01477,multichart_layouts,Layouts / Crosshair,closed,1,2026-07-04,2026-07-04,,
TAL-01478,multichart_layouts,Layouts,resolved,1,2026-07-04,2026-07-04,,
TAL-01479,multichart_layouts,Layouts,closed,3,2026-07-04,2026-07-04,,
TAL-01480,multichart_layouts,Layouts/chart,open,1,2026-07-04,2026-07-04,,yes
TAL-01481,multichart_layouts,Layouts right arrow,closed,2,2026-07-04,2026-07-04,,
TAL-01482,multichart_layouts,layout news,pending,3,2026-07-04,2026-07-04,,yes
TAL-01483,multichart_layouts,layout zoom in/out,resolved,1,2026-07-04,2026-07-04,,
TAL-01484,multichart_layouts,layout stuck until click on screen,open,1,2026-07-04,2026-07-04,,yes
TAL-01485,multichart_layouts,layout crosshire stuck on other chart,closed,1,2026-07-04,2026-07-04,,
TAL-01486,multichart_layouts,layout symbol,closed,1,2026-07-04,2026-07-04,,
TAL-01487,multichart_layouts,layout symbol stuck on left,closed,1,2026-07-04,2026-07-04,,
TAL-01488,multichart_layouts,layout Reset,open,2,2026-07-04,2026-07-04,,yes
TAL-01489,multichart_layouts,layouts - click on chart,open,1,2026-07-04,2026-07-04,,yes
TAL-01490,multichart_layouts,layout don't moves until click on chart,open,1,2026-07-04,2026-07-04,,yes
TAL-01491,multichart_layouts,layout frame box,open,1,2026-07-04,2026-07-04,,yes
TAL-01493,multichart_layouts,layouts / chart name,closed,2,2026-07-04,2026-07-04,,
TAL-01495,multichart_layouts,layout drwaing different symbol,open,1,2026-07-04,2026-07-04,,yes
TAL-01496,multichart_layouts,layout data range,open,2,2026-07-04,2026-07-04,,yes
TAL-01497,multichart_layouts,layout /switch  between layouts,resolved,1,2026-07-04,2026-07-04,,
TAL-01498,multichart_layouts,layout/ select with ctrl,open,1,2026-07-04,2026-07-04,,yes
TAL-01499,multichart_layouts,layout/ quick menu,open,1,2026-07-04,2026-07-04,,yes
TAL-01500,multichart_layouts,layouts / indicator,open,2,2026-07-04,2026-07-04,,yes
TAL-01501,multichart_layouts,layout / indicator appear,open,1,2026-07-04,2026-07-04,,yes
TAL-01502,multichart_layouts,layouts candle,open,1,2026-07-04,2026-07-04,,yes
TAL-01536,multichart_layouts,Strategies,open,1,2026-07-05,2026-07-05,,yes
TAL-00703,orders,Order/chart,resolved,3,2026-06-12,2026-06-12,,
TAL-00704,orders,Order,user_replied,2,2026-06-12,2026-06-12,,yes
TAL-00749,orders,order stoploss,user_replied,9,2026-06-14,2026-06-16,yes,yes
TAL-00752,orders,order entry,user_replied,22,2026-06-14,2026-06-20,yes,yes
TAL-00760,orders,Order,resolved,1,2026-06-14,2026-06-14,,
TAL-00774,orders,Order,user_replied,3,2026-06-15,2026-06-15,,yes
TAL-00810,orders,Order,resolved,1,2026-06-17,2026-06-17,,
TAL-00811,orders,Order,resolved,1,2026-06-17,2026-06-17,,
TAL-00817,orders,order card,resolved,1,2026-06-18,2026-06-18,,
TAL-00830,orders,add order on symbol,resolved,1,2026-06-19,2026-06-19,,
TAL-00889,orders,order TP,resolved,1,2026-06-20,2026-06-20,,
TAL-00905,orders,OnBalance Volume,resolved,2,2026-06-20,2026-06-20,,
TAL-00907,orders,order margin,resolved,1,2026-06-21,2026-06-21,,
TAL-00998,orders,color net  pnl 0,user_replied,2,2026-06-23,2026-06-25,,yes
TAL-01062,orders,add trade entry,resolved,1,2026-06-25,2026-06-25,,
TAL-01104,orders,open order then refrresh,resolved,1,2026-06-27,2026-06-27,,
TAL-01162,orders,remaining lotsize,resolved,1,2026-06-28,2026-06-28,,
TAL-01361,orders,sl/tp on screen,open,2,2026-07-01,2026-07-01,,yes
TAL-01513,orders,Net pnl,resolved,1,2026-07-04,2026-07-04,,
TAL-01514,orders,session profitable,resolved,2,2026-07-04,2026-07-05,,
TAL-00245,replay,Fib speed fan,user_replied,18,2026-05-29,2026-07-01,yes,yes
TAL-00815,replay,replay with adr,resolved,1,2026-06-17,2026-06-17,,
TAL-00819,replay,chart jumps while in replay mode,resolved,1,2026-06-18,2026-06-18,,
TAL-00910,replay,prop firm backtest,resolved,1,2026-06-21,2026-06-21,,
TAL-00912,replay,space to play replay,resolved,1,2026-06-21,2026-06-21,,
TAL-00913,replay,chart bugs when replay,resolved,2,2026-06-21,2026-06-21,,
TAL-00933,replay,Replay sync across tiles,resolved,1,2026-06-21,2026-06-21,,
TAL-00996,replay,replay mode,resolved,1,2026-06-23,2026-06-23,,
TAL-01096,replay,replay with label,resolved,1,2026-06-26,2026-06-26,,
TAL-01097,replay,replay speed,user_replied,2,2026-06-26,2026-07-04,,yes
TAL-01103,replay,Replay with click,resolved,2,2026-06-27,2026-06-27,,
TAL-01158,replay,on source : Backtest-prop,resolved,1,2026-06-28,2026-06-28,,
TAL-01201,replay,Fib speed fan,resolved,2,2026-06-29,2026-06-29,,
TAL-01284,replay,chart replay,resolved,4,2026-06-30,2026-06-30,,
TAL-01358,replay,screen on replay,resolved,2,2026-07-01,2026-07-01,,
TAL-01416,replay,Replay chart,resolved,2,2026-07-02,2026-07-02,,
TAL-01419,replay,Replay with refresh,resolved,1,2026-07-02,2026-07-02,,
TAL-01492,replay,Replay with price label,open,1,2026-07-04,2026-07-04,,yes
