netPnL,closeTime,openTime,tradeId,ticker,direction,setup,rMultiple,quantity,riskAmount,mae_r,mfe_r,mae_points,mfe_points,highestPrice,lowestPrice,plannedRR,entryPrice,exitPrice,stopLoss,takeProfit,commission_at_entry,spread_pips_at_entry,pip_value_at_entry,closeType,durationMinutes,status
-21.47,2024-05-05T13:55:00.000Z,2024-05-05T07:36:00.000Z,22001,USDJPY,LONG,London Open Liquidity Scalp,-0.5221,0.35,41.12,-0.8794,0.4004,152.006,152.169,152.169,151.991,2.0,152.118,151.991,151.991,152.373,3.0,0.9,9.2,SL,379,closed
-1.02,2025-08-16T14:18:00.000Z,2025-08-16T08:47:00.000Z,22002,NQ,LONG,London Open Liquidity Scalp,-0.02,0.59,50.9,-0.117,1.618,18037.51786,18045.04064,18045.04064,18037.51786,2.0,18038.02516,18038.02516,18033.68927,18046.69695,4.5,0.75,5.0,BE,331,closed
-51.94,2025-02-01T21:58:00.000Z,2025-02-01T15:02:00.000Z,22003,EURUSD,LONG,London Open Liquidity Scalp,-0.949,0.22,54.73,-1.0827,1.9137,1.08311,1.09048,1.09048,1.08311,2.0,1.08577,1.08343,1.08331,1.09069,3.0,0.8,10.0,STOP_OUT,416,closed
37.99,2025-08-14T11:14:00.000Z,2025-08-14T10:32:00.000Z,22004,XAUUSD,LONG,London Open Liquidity Scalp,0.8044,1.85,47.23,-0.6918,2.0735,2041.964,2042.672,2042.672,2041.964,2.0,2042.141,2042.653,2041.885,2042.653,4.0,2.5,1.0,TP,42,closed
-46.79,2024-03-25T13:37:00.000Z,2024-03-25T07:13:00.000Z,22005,GBPUSD,LONG,London Open Liquidity Scalp,-0.9114,0.25,51.34,-0.6835,1.1784,1.26587,1.26973,1.26973,1.2654,3.0,1.26729,1.2654,1.26522,1.2735,3.5,1.2,10.0,MANUAL,384,closed
67.41,2025-10-23T16:38:00.000Z,2025-10-23T14:21:00.000Z,22006,XAUUSD,SHORT,London Open Liquidity Scalp,1.286,2.14,52.42,-0.8327,1.8143,2012.519,2011.87,2012.519,2011.87,3.0,2012.315,2012.0,2012.56,2011.579,4.0,2.5,1.0,Trailing SL,137,closed
88.15,2025-08-28T13:33:00.000Z,2025-08-28T07:19:00.000Z,22007,USDJPY,LONG,London Open Liquidity Scalp,1.6351,0.23,53.91,-0.8087,3.2899,148.293,149.32,149.32,148.293,2.0,148.496,148.997,148.246,148.997,3.0,0.9,9.2,TP,374,closed
53.18,2025-05-05T19:59:00.000Z,2025-05-05T13:53:00.000Z,22008,EURUSD,SHORT,London Open Liquidity Scalp,1.2376,0.32,42.97,-0.6126,1.8961,1.0951,1.09178,1.0951,1.09178,1.5,1.09429,1.0923,1.09561,1.0923,3.0,0.8,10.0,TP,366,closed
91.36,2024-09-01T16:00:00.000Z,2024-09-01T09:27:00.000Z,22009,EURUSD,LONG,London Open Liquidity Scalp,1.7134,0.2,53.32,-0.4527,3.4411,1.0813,1.09168,1.09168,1.0813,2.5,1.08251,1.08708,1.07984,1.08918,3.0,0.8,10.0,Trailing SL,393,closed
2.15,2024-08-28T11:29:00.000Z,2024-08-28T10:41:00.000Z,22010,XAUUSD,LONG,London Open Liquidity Scalp,0.0418,1.89,51.46,-0.1355,0.8877,2039.492,2039.771,2039.771,2039.492,3.0,2039.529,2039.529,2039.256,2040.347,4.0,2.5,1.0,BE,48,closed
2.76,2024-12-05T13:58:00.000Z,2024-12-05T09:06:00.000Z,22011,USDJPY,LONG,London Open Liquidity Scalp,0.0651,0.26,42.39,-0.1553,1.7361,145.989,146.323,146.323,145.989,2.0,146.016,146.016,145.839,146.369,3.0,0.9,9.2,BE,292,closed
-20.55,2024-06-12T13:23:00.000Z,2024-06-12T10:08:00.000Z,22012,NQ,LONG,London Open Liquidity Scalp,-0.4623,0.32,44.45,-0.4937,0.9666,18259.07533,18269.18448,18269.18448,18255.57012,3.0,18262.49291,18255.57012,18255.57012,18283.26129,4.5,0.75,5.0,SL,195,closed
126.24,2025-04-02T16:41:00.000Z,2025-04-02T10:48:00.000Z,22013,XAUUSD,LONG,London Open Liquidity Scalp,2.3632,2.96,53.42,-0.4996,3.4042,2045.052,2045.757,2045.757,2045.052,2.5,2045.142,2045.594,2044.961,2045.594,4.0,2.5,1.0,TP,353,closed
81.52,2024-07-23T14:57:00.000Z,2024-07-23T13:49:00.000Z,22014,XAUUSD,LONG,London Open Liquidity Scalp,1.5254,3.16,53.44,-0.291,2.1962,2068.428,2068.848,2068.848,2068.428,2.0,2068.477,2068.815,2068.308,2068.815,4.0,2.5,1.0,TP,68,closed
108.46,2025-05-08T18:09:00.000Z,2025-05-08T15:40:00.000Z,22015,GBPUSD,LONG,London Open Liquidity Scalp,2.583,0.25,41.99,-0.3553,3.0583,1.28138,1.28701,1.28701,1.28138,3.0,1.28197,1.28692,1.28032,1.28692,3.5,1.2,10.0,TP,149,closed
54.6,2024-05-10T17:10:00.000Z,2024-05-10T13:11:00.000Z,22016,XAUUSD,LONG,London Open Liquidity Scalp,1.0128,2.48,53.91,-0.7684,2.4907,2004.228,2004.937,2004.937,2004.228,2.0,2004.395,2004.615,2004.177,2004.83,4.0,2.5,1.0,MANUAL,239,closed
-21.87,2024-03-15T11:11:00.000Z,2024-03-15T07:58:00.000Z,22017,GBPUSD,SHORT,London Open Liquidity Scalp,-0.5272,0.22,41.48,-0.4667,0.4115,1.23626,1.23461,1.23726,1.23461,2.5,1.23538,1.23726,1.23726,1.23068,3.5,1.2,10.0,SL,193,closed
-45.07,2025-07-23T13:51:00.000Z,2025-07-23T09:12:00.000Z,22018,XAUUSD,LONG,London Open Liquidity Scalp,-0.9335,3.06,48.28,-0.7001,1.8852,2057.456,2057.864,2057.864,2057.419,2.0,2057.566,2057.419,2057.408,2057.882,4.0,2.5,1.0,STOP_OUT,279,closed
-39.74,2024-05-10T16:46:00.000Z,2024-05-10T15:45:00.000Z,22019,EURUSD,LONG,London Open Liquidity Scalp,-0.7835,0.19,50.72,-0.8179,0.5715,1.07739,1.08113,1.08113,1.0769,1.5,1.07959,1.0769,1.0769,1.08363,3.0,0.8,10.0,SL,61,closed
67.8,2024-02-07T17:32:00.000Z,2024-02-07T13:12:00.000Z,22020,XAUUSD,LONG,London Open Liquidity Scalp,1.5508,1.91,43.72,-0.6433,2.7914,2033.294,2034.081,2034.081,2033.294,3.0,2033.441,2033.796,2033.212,2034.129,4.0,2.5,1.0,MANUAL,260,closed
56.68,2024-12-09T11:38:00.000Z,2024-12-09T09:56:00.000Z,22021,GBPUSD,LONG,London Open Liquidity Scalp,1.0583,0.4,53.56,-0.7946,2.8441,1.25269,1.25755,1.25755,1.25269,1.5,1.25375,1.25575,1.25241,1.25575,3.5,1.2,10.0,TP,102,closed
-47.96,2025-10-25T14:20:00.000Z,2025-10-25T09:06:00.000Z,22022,NQ,SHORT,London Open Liquidity Scalp,-0.9236,0.56,51.93,-1.0343,2.1147,18775.59451,18761.07858,18775.59451,18761.07858,3.0,18770.82672,18775.08444,18775.43642,18756.99761,4.5,0.75,5.0,MANUAL,314,closed
-5.37,2025-05-16T15:17:00.000Z,2025-05-16T10:51:00.000Z,22023,XAUUSD,LONG,London Open Liquidity Scalp,-0.1276,1.63,42.08,-0.3704,0.4696,2015.821,2016.038,2016.038,2015.821,2.0,2015.917,2015.927,2015.659,2016.433,4.0,2.5,1.0,BE,266,closed
-20.13,2025-08-26T21:38:00.000Z,2025-08-26T15:15:00.000Z,22024,EURUSD,SHORT,London Open Liquidity Scalp,-0.3733,0.36,53.92,-0.2972,0.5443,1.10586,1.10461,1.10598,1.10461,3.0,1.10542,1.10598,1.10691,1.10095,3.0,0.8,10.0,MANUAL,383,closed
127.91,2024-04-17T10:33:00.000Z,2024-04-17T09:39:00.000Z,22025,XAUUSD,LONG,London Open Liquidity Scalp,2.4102,3.12,53.07,-0.7272,3.8488,1992.892,1993.671,1993.671,1992.892,3.0,1993.016,1993.527,1992.846,1993.527,4.0,2.5,1.0,TP,54,closed
57.0,2024-11-07T14:20:00.000Z,2024-11-07T09:19:00.000Z,22026,EURUSD,LONG,London Open Liquidity Scalp,1.2533,0.2,45.48,-0.8487,2.4271,1.10134,1.10867,1.10867,1.10134,1.5,1.10324,1.1066,1.101,1.1066,3.0,0.8,10.0,TP,301,closed
1.44,2024-04-15T17:17:00.000Z,2024-04-15T10:35:00.000Z,22027,NQ,SHORT,London Open Liquidity Scalp,0.031,0.53,46.49,-0.1264,0.9738,18124.87529,18120.0768,18124.87529,18120.0768,2.0,18124.32419,18124.32419,18128.68585,18115.60087,4.5,0.75,5.0,BE,402,closed
116.04,2024-08-02T08:32:00.000Z,2024-08-02T07:24:00.000Z,22028,USDJPY,SHORT,London Open Liquidity Scalp,2.4774,0.25,46.84,-0.6418,3.0188,145.894,145.146,145.894,145.146,2.5,145.763,145.252,145.968,145.252,3.0,0.9,9.2,TP,68,closed
-25.43,2025-07-17T17:44:00.000Z,2025-07-17T15:14:00.000Z,22029,USDJPY,SHORT,London Open Liquidity Scalp,-0.6163,0.16,41.26,-0.4622,1.4921,145.462,144.921,145.611,144.921,3.0,145.334,145.611,145.611,144.504,3.0,0.9,9.2,SL,150,closed
45.9,2024-07-29T16:07:00.000Z,2024-07-29T15:12:00.000Z,22030,GBPUSD,LONG,London Open Liquidity Scalp,0.894,0.35,51.34,-0.8135,2.1493,1.29402,1.29838,1.29838,1.29402,2.5,1.29522,1.29653,1.29375,1.29889,3.5,1.2,10.0,Trailing SL,55,closed
79.46,2024-04-24T22:06:00.000Z,2024-04-24T15:43:00.000Z,22031,USDJPY,LONG,London Open Liquidity Scalp,1.917,0.17,41.45,-0.1978,2.5176,145.98,146.719,146.85,145.98,3.0,146.034,146.85,145.762,146.85,3.0,0.9,9.2,TP,383,closed
62.9,2024-10-09T15:43:00.000Z,2024-10-09T09:17:00.000Z,22032,EURUSD,LONG,London Open Liquidity Scalp,1.3788,0.24,45.62,-0.7536,2.8013,1.06311,1.0699,1.0699,1.06311,2.0,1.06455,1.06837,1.06264,1.06837,3.0,0.8,10.0,TP,386,closed
64.82,2025-10-11T13:52:00.000Z,2025-10-11T08:51:00.000Z,22033,GBPUSD,LONG,London Open Liquidity Scalp,1.5526,0.2,41.75,-0.7559,2.2664,1.27568,1.28197,1.28197,1.27568,3.0,1.27725,1.28048,1.27517,1.28349,3.5,1.2,10.0,Trailing SL,301,closed
3.97,2024-11-08T11:24:00.000Z,2024-11-08T08:00:00.000Z,22034,EURUSD,LONG,London Open Liquidity Scalp,0.0888,0.16,44.69,-0.1755,1.008,1.09272,1.096,1.096,1.09272,2.0,1.09321,1.09321,1.09044,1.09875,3.0,0.8,10.0,BE,204,closed
77.81,2025-09-09T15:17:00.000Z,2025-09-09T09:40:00.000Z,22035,USDJPY,SHORT,London Open Liquidity Scalp,1.9293,0.16,40.33,-0.2088,2.7373,150.652,149.841,150.652,149.841,2.0,150.595,150.044,150.87,150.044,3.0,0.9,9.2,TP,337,closed
-45.39,2025-07-06T11:44:00.000Z,2025-07-06T07:25:00.000Z,22036,XAUUSD,SHORT,London Open Liquidity Scalp,-0.8759,2.56,51.82,-0.9621,0.4525,1998.477,1998.192,1998.485,1998.192,3.0,1998.283,1998.485,1998.485,1997.677,4.0,2.5,1.0,SL,259,closed
-38.78,2024-03-02T21:19:00.000Z,2024-03-02T14:37:00.000Z,22037,USDJPY,LONG,London Open Liquidity Scalp,-0.7335,0.31,52.87,-0.8778,1.1863,149.316,149.695,149.695,149.316,2.0,149.477,149.342,149.294,149.844,3.0,0.9,9.2,MANUAL,402,closed
45.27,2024-09-24T18:36:00.000Z,2024-09-24T15:41:00.000Z,22038,EURUSD,SHORT,London Open Liquidity Scalp,0.9519,0.21,47.56,-0.459,1.9694,1.11061,1.10504,1.11061,1.10497,2.0,1.10956,1.10497,1.11185,1.10497,3.0,0.8,10.0,TP,175,closed
-32.63,2024-08-09T10:48:00.000Z,2024-08-09T08:38:00.000Z,22039,EURUSD,LONG,London Open Liquidity Scalp,-0.6336,0.18,51.5,-0.5844,1.7447,1.06507,1.07156,1.07156,1.06391,2.0,1.0667,1.06391,1.06391,1.07228,3.0,0.8,10.0,SL,130,closed
51.3,2023-12-26T14:03:00.000Z,2023-12-26T10:32:00.000Z,22040,USDJPY,LONG,London Open Liquidity Scalp,0.9354,0.46,54.84,-0.7301,2.2265,147.389,147.769,147.769,147.389,2.0,147.483,147.74,147.355,147.74,3.0,0.9,9.2,TP,211,closed
129.06,2024-08-20T10:32:00.000Z,2024-08-20T08:50:00.000Z,22041,GBPUSD,LONG,London Open Liquidity Scalp,2.8789,0.2,44.83,-0.8248,4.5762,1.2383,1.25042,1.25042,1.2383,3.0,1.24015,1.24661,1.23791,1.24688,3.5,1.2,10.0,MANUAL,102,closed
48.45,2024-05-31T11:06:00.000Z,2024-05-31T08:30:00.000Z,22042,XAUUSD,SHORT,London Open Liquidity Scalp,1.1454,1.95,42.3,-0.283,2.9299,2049.278,2048.58,2049.278,2048.58,2.5,2049.217,2048.674,2049.434,2048.674,4.0,2.5,1.0,TP,156,closed
-27.13,2024-04-27T14:50:00.000Z,2024-04-27T10:03:00.000Z,22043,USDJPY,SHORT,London Open Liquidity Scalp,-0.5373,0.31,50.49,-0.872,0.6643,146.389,146.114,146.389,146.114,1.5,146.233,146.329,146.412,145.964,3.0,0.9,9.2,STOP_OUT,287,closed
-52.1,2024-08-07T21:06:00.000Z,2024-08-07T15:27:00.000Z,22044,GBPUSD,SHORT,London Open Liquidity Scalp,-0.9983,0.2,52.19,-0.7487,1.4115,1.2466,1.24089,1.24726,1.24089,2.5,1.24462,1.24726,1.24726,1.23801,3.5,1.2,10.0,STOP_OUT,339,closed
-35.85,2024-08-28T16:43:00.000Z,2024-08-28T14:58:00.000Z,22045,XAUUSD,SHORT,London Open Liquidity Scalp,-0.7469,2.54,48.0,-0.7054,0.829,2040.178,2039.887,2040.185,2039.887,2.5,2040.044,2040.185,2040.233,2039.571,4.0,2.5,1.0,MANUAL,105,closed
-28.42,2024-05-13T14:38:00.000Z,2024-05-13T09:07:00.000Z,22046,XAUUSD,LONG,London Open Liquidity Scalp,-0.6687,1.58,42.5,-0.6078,1.6549,1992.153,1992.763,1992.763,1992.137,3.0,1992.317,1992.137,1992.048,1993.125,4.0,2.5,1.0,STOP_OUT,331,closed
110.08,2025-06-14T14:29:00.000Z,2025-06-14T09:43:00.000Z,22047,GBPUSD,LONG,London Open Liquidity Scalp,2.3461,0.2,46.92,-0.4532,3.0204,1.27111,1.27946,1.27946,1.27111,2.5,1.2722,1.27821,1.2698,1.27821,3.5,1.2,10.0,TP,286,closed
-0.8,2024-10-07T09:39:00.000Z,2024-10-07T07:25:00.000Z,22048,EURUSD,LONG,London Open Liquidity Scalp,-0.0171,0.38,46.68,-0.4848,0.4061,1.09295,1.09405,1.09405,1.09295,2.5,1.09355,1.09365,1.09231,1.09664,3.0,0.8,10.0,BE,134,closed
-0.66,2024-12-18T17:31:00.000Z,2024-12-18T13:05:00.000Z,22049,NQ,LONG,London Open Liquidity Scalp,-0.0136,0.35,48.38,-0.2943,0.2389,18814.94732,18818.61022,18818.61022,18814.94732,2.5,18816.96914,18817.21914,18810.09984,18834.14239,4.5,0.75,5.0,BE,266,closed
2.87,2024-05-06T13:36:00.000Z,2024-05-06T09:38:00.000Z,22050,GBPUSD,SHORT,London Open Liquidity Scalp,0.0707,0.22,40.58,-0.1601,0.8818,1.24539,1.2435,1.24539,1.2435,1.5,1.2451,1.2451,1.24692,1.24238,3.5,1.2,10.0,BE,238,closed
60.5,2024-03-04T21:47:00.000Z,2024-03-04T15:09:00.000Z,22051,USDJPY,LONG,London Open Liquidity Scalp,1.3953,0.21,43.36,-0.2324,3.0557,149.8,150.538,150.538,149.8,2.0,149.852,150.301,149.628,150.301,3.0,0.9,9.2,TP,398,closed
-29.36,2024-11-04T08:48:00.000Z,2024-11-04T07:37:00.000Z,22052,USDJPY,LONG,London Open Liquidity Scalp,-0.6474,0.39,45.35,-1.0211,0.7601,150.143,150.368,150.368,150.143,3.0,150.272,150.19,150.146,150.651,3.0,0.9,9.2,STOP_OUT,71,closed
143.69,2024-08-12T14:34:00.000Z,2024-08-12T08:07:00.000Z,22053,NQ,LONG,London Open Liquidity Scalp,2.6798,0.42,53.62,-0.8349,3.5635,18014.2067,18042.52859,18042.52859,18014.2067,3.0,18019.58276,18038.90014,18013.14363,18038.90014,4.5,0.75,5.0,TP,387,closed
-36.54,2024-10-01T15:36:00.000Z,2024-10-01T13:13:00.000Z,22054,GBPUSD,SHORT,London Open Liquidity Scalp,-0.6773,0.24,53.95,-0.7819,1.0492,1.27973,1.27567,1.27973,1.27567,2.5,1.278,1.2795,1.28022,1.27245,3.5,1.2,10.0,STOP_OUT,143,closed
-38.28,2024-12-04T17:15:00.000Z,2024-12-04T10:49:00.000Z,22055,NQ,LONG,London Open Liquidity Scalp,-0.9546,0.59,40.1,-0.7159,0.231,18514.07138,18517.29724,18517.29724,18513.25805,2.0,18516.51032,18513.25805,18513.10374,18523.32347,4.5,0.75,5.0,MANUAL,386,closed
-5.35,2025-08-03T13:13:00.000Z,2025-08-03T08:24:00.000Z,22056,USDJPY,LONG,London Open Liquidity Scalp,-0.0983,0.25,54.42,-0.2941,0.4298,145.906,146.08,146.08,145.906,2.5,145.977,145.987,145.737,146.577,3.0,0.9,9.2,BE,289,closed
-2.79,2025-03-12T19:12:00.000Z,2025-03-12T13:40:00.000Z,22057,XAUUSD,LONG,London Open Liquidity Scalp,-0.0534,1.99,52.25,-0.2153,0.6912,2047.074,2047.313,2047.313,2047.074,3.0,2047.131,2047.141,2046.868,2047.92,4.0,2.5,1.0,BE,332,closed
87.67,2024-01-13T12:13:00.000Z,2024-01-13T07:45:00.000Z,22058,XAUUSD,SHORT,London Open Liquidity Scalp,2.1274,1.91,41.21,-0.8202,2.9883,2064.618,2063.796,2064.618,2063.793,3.0,2064.441,2063.793,2064.657,2063.793,4.0,2.5,1.0,TP,268,closed
-37.58,2024-12-05T20:51:00.000Z,2024-12-05T14:33:00.000Z,22059,GBPUSD,SHORT,London Open Liquidity Scalp,-0.7282,0.23,51.61,-1.1489,1.7825,1.25785,1.2514,1.25785,1.2514,3.0,1.25532,1.25692,1.25752,1.24872,3.5,1.2,10.0,MANUAL,378,closed
-44.57,2024-10-31T17:03:00.000Z,2024-10-31T14:35:00.000Z,22060,XAUUSD,SHORT,London Open Liquidity Scalp,-0.8626,3.96,51.67,-0.6681,1.1776,1993.841,1993.6,1993.884,1993.6,2.5,1993.754,1993.884,1993.884,1993.428,4.0,2.5,1.0,SL,148,closed
2.13,2025-10-07T11:57:00.000Z,2025-10-07T08:25:00.000Z,22061,NQ,LONG,London Open Liquidity Scalp,0.0449,0.39,47.45,-0.1382,2.2456,18589.85641,18604.29247,18604.29247,18589.85641,2.0,18590.69314,18590.69314,18584.63715,18602.80512,4.5,0.75,5.0,BE,212,closed
119.96,2025-11-03T13:51:00.000Z,2025-11-03T08:17:00.000Z,22062,EURUSD,SHORT,London Open Liquidity Scalp,2.4966,0.24,48.05,-0.1698,3.2089,1.0999,1.09327,1.0999,1.09327,3.0,1.09957,1.09368,1.10153,1.09368,3.0,0.8,10.0,TP,334,closed
-18.64,2024-08-20T12:15:00.000Z,2024-08-20T10:54:00.000Z,22063,USDJPY,LONG,London Open Liquidity Scalp,-0.4331,0.22,43.04,-0.3248,1.483,150.191,150.572,150.572,150.048,2.5,150.259,150.048,150.048,150.786,3.0,0.9,9.2,SL,81,closed
-16.67,2024-01-24T15:30:00.000Z,2024-01-24T09:37:00.000Z,22064,EURUSD,LONG,London Open Liquidity Scalp,-0.3946,0.19,42.24,-0.2959,0.3189,1.06653,1.0679,1.0679,1.06631,2.0,1.06719,1.06631,1.06497,1.07164,3.0,0.8,10.0,STOP_OUT,353,closed
-29.7,2025-04-03T14:09:00.000Z,2025-04-03T08:02:00.000Z,22065,USDJPY,SHORT,London Open Liquidity Scalp,-0.7379,0.28,40.25,-0.5534,1.3761,149.572,149.268,149.642,149.268,2.5,149.485,149.642,149.642,149.091,3.0,0.9,9.2,SL,367,closed
-37.2,2025-11-19T20:04:00.000Z,2025-11-19T14:39:00.000Z,22066,GBPUSD,LONG,London Open Liquidity Scalp,-0.7643,0.2,48.67,-1.1575,0.3778,1.27475,1.27857,1.27857,1.27475,1.5,1.27763,1.27573,1.27515,1.28136,3.5,1.2,10.0,MANUAL,325,closed
-49.41,2025-11-22T14:44:00.000Z,2025-11-22T09:16:00.000Z,22067,USDJPY,LONG,London Open Liquidity Scalp,-0.9671,0.32,51.09,-0.8592,0.7422,150.958,151.237,151.237,150.934,2.5,151.108,150.934,150.934,151.543,3.0,0.9,9.2,SL,328,closed
112.48,2025-10-17T08:51:00.000Z,2025-10-17T07:04:00.000Z,22068,USDJPY,SHORT,London Open Liquidity Scalp,2.6201,0.18,42.93,-0.3695,3.0509,145.884,145.001,145.884,145.001,2.5,145.789,145.113,146.047,145.144,3.0,0.9,9.2,Trailing SL,107,closed
74.01,2024-12-03T12:08:00.000Z,2024-12-03T07:11:00.000Z,22069,USDJPY,LONG,London Open Liquidity Scalp,1.6302,0.18,45.4,-0.2819,3.2302,144.934,145.891,145.891,144.934,3.0,145.011,145.828,144.739,145.828,3.0,0.9,9.2,TP,297,closed
-4.62,2024-10-14T12:23:00.000Z,2024-10-14T07:51:00.000Z,22070,XAUUSD,LONG,London Open Liquidity Scalp,-0.0938,2.22,49.23,-0.2464,0.6224,1987.097,1987.29,1987.29,1987.097,2.0,1987.152,1987.162,1986.931,1987.595,4.0,2.5,1.0,BE,272,closed
-43.2,2025-05-11T11:36:00.000Z,2025-05-11T08:27:00.000Z,22071,USDJPY,LONG,London Open Liquidity Scalp,-0.8831,0.24,48.92,-0.6623,1.2302,151.406,151.831,151.831,151.357,2.5,151.555,151.357,151.331,152.116,3.0,0.9,9.2,MANUAL,189,closed
-32.06,2025-08-29T10:01:00.000Z,2025-08-29T09:12:00.000Z,22072,EURUSD,SHORT,London Open Liquidity Scalp,-0.5936,0.29,54.01,-0.4452,0.3723,1.06542,1.06391,1.06569,1.06391,2.0,1.0646,1.06569,1.06644,1.06092,3.0,0.8,10.0,STOP_OUT,49,closed
134.19,2025-09-30T12:17:00.000Z,2025-09-30T07:00:00.000Z,22073,XAUUSD,LONG,London Open Liquidity Scalp,2.928,2.29,45.83,-0.3776,3.6019,2077.058,2077.856,2077.856,2077.058,3.0,2077.134,2077.735,2076.934,2077.735,4.0,2.5,1.0,TP,317,closed
-4.39,2023-12-04T13:09:00.000Z,2023-12-04T08:37:00.000Z,22074,GBPUSD,SHORT,London Open Liquidity Scalp,-0.0953,0.24,46.08,-0.459,0.3327,1.24379,1.24229,1.24379,1.24229,2.5,1.24292,1.24282,1.24481,1.23819,3.5,1.2,10.0,BE,272,closed
27.62,2024-02-03T17:04:00.000Z,2024-02-03T14:42:00.000Z,22075,XAUUSD,LONG,London Open Liquidity Scalp,0.6832,1.7,40.43,-0.6807,1.3198,2024.717,2025.192,2025.354,2024.717,2.0,2024.879,2025.354,2024.642,2025.354,4.0,2.5,1.0,TP,142,closed
0.02,2025-09-06T18:15:00.000Z,2025-09-06T13:59:00.000Z,22076,EURUSD,LONG,London Open Liquidity Scalp,0.0004,0.22,45.02,-0.1003,1.5818,1.10432,1.10778,1.10778,1.10432,1.5,1.10453,1.10453,1.10248,1.10761,3.0,0.8,10.0,BE,256,closed
-2.37,2024-06-28T08:37:00.000Z,2024-06-28T07:13:00.000Z,22077,XAUUSD,SHORT,London Open Liquidity Scalp,-0.0505,2.55,46.9,-0.1429,0.8426,2070.762,2070.581,2070.762,2070.581,3.0,2070.736,2070.736,2070.92,2070.185,4.0,2.5,1.0,BE,84,closed
-22.4,2024-12-14T17:52:00.000Z,2024-12-14T13:35:00.000Z,22078,GBPUSD,LONG,London Open Liquidity Scalp,-0.4991,0.18,44.88,-0.6559,0.4043,1.23803,1.24063,1.24063,1.23803,3.0,1.23964,1.23841,1.23718,1.24702,3.5,1.2,10.0,MANUAL,257,closed
45.73,2024-08-12T16:17:00.000Z,2024-08-12T10:19:00.000Z,22079,USDJPY,LONG,London Open Liquidity Scalp,0.8527,0.22,53.63,-0.7681,1.8095,150.148,150.825,151.007,150.148,2.5,150.35,151.007,150.087,151.007,3.0,0.9,9.2,TP,358,closed
-28.46,2024-09-24T09:05:00.000Z,2024-09-24T07:11:00.000Z,22080,GBPUSD,SHORT,London Open Liquidity Scalp,-0.5934,0.17,47.96,-0.4451,0.7858,1.28329,1.27986,1.28371,1.27986,3.0,1.28205,1.28371,1.28484,1.27368,3.5,1.2,10.0,MANUAL,114,closed
24.47,2025-11-20T12:36:00.000Z,2025-11-20T10:44:00.000Z,22081,XAUUSD,SHORT,London Open Liquidity Scalp,0.5338,2.25,45.84,-0.5537,1.2896,1998.798,1998.422,1998.798,1998.176,2.5,1998.685,1998.176,1998.889,1998.176,4.0,2.5,1.0,TP,112,closed
-22.89,2024-03-16T15:24:00.000Z,2024-03-16T14:17:00.000Z,22082,EURUSD,SHORT,London Open Liquidity Scalp,-0.4419,0.25,51.8,-0.4675,0.3485,1.08048,1.07877,1.08159,1.07877,3.0,1.0795,1.08159,1.08159,1.07322,3.0,0.8,10.0,SL,67,closed
-16.98,2024-01-02T12:37:00.000Z,2024-01-02T10:07:00.000Z,22083,GBPUSD,LONG,London Open Liquidity Scalp,-0.3898,0.21,43.56,-0.7212,1.451,1.23952,1.24398,1.24398,1.23894,3.0,1.241,1.23894,1.23894,1.24717,3.5,1.2,10.0,SL,150,closed
-43.49,2024-05-22T10:38:00.000Z,2024-05-22T09:11:00.000Z,22084,EURUSD,SHORT,London Open Liquidity Scalp,-0.9931,0.29,43.79,-1.1104,1.8844,1.08294,1.07836,1.08294,1.07836,1.5,1.08124,1.08277,1.08277,1.07895,3.0,0.8,10.0,SL,87,closed
-47.38,2025-09-11T15:51:00.000Z,2025-09-11T14:22:00.000Z,22085,EURUSD,LONG,London Open Liquidity Scalp,-0.8795,0.29,53.87,-0.6596,0.9962,1.08163,1.08474,1.08474,1.081,2.0,1.08287,1.081,1.081,1.08662,3.0,0.8,10.0,SL,89,closed
46.03,2025-02-07T10:50:00.000Z,2025-02-07T07:29:00.000Z,22086,GBPUSD,LONG,London Open Liquidity Scalp,1.036,0.19,44.43,-0.418,1.6563,1.26071,1.26556,1.26752,1.26071,2.5,1.26169,1.26752,1.25936,1.26752,3.5,1.2,10.0,TP,201,closed
-5.76,2025-07-29T08:40:00.000Z,2025-07-29T07:33:00.000Z,22087,XAUUSD,SHORT,London Open Liquidity Scalp,-0.1412,1.66,40.78,-0.2154,0.937,2072.062,2071.778,2072.062,2071.778,1.5,2072.009,2071.999,2072.255,2071.64,4.0,2.5,1.0,BE,67,closed
1.18,2024-06-13T14:15:00.000Z,2024-06-13T08:40:00.000Z,22088,EURUSD,LONG,London Open Liquidity Scalp,0.028,0.29,42.11,-0.1238,2.1324,1.08085,1.08408,1.08408,1.08085,2.0,1.08103,1.08103,1.0796,1.08389,3.0,0.8,10.0,BE,335,closed
-19.71,2025-01-17T11:32:00.000Z,2025-01-17T10:33:00.000Z,22089,GBPUSD,SHORT,London Open Liquidity Scalp,-0.3636,0.29,54.21,-0.2727,1.1798,1.27563,1.27294,1.27697,1.27294,3.0,1.27512,1.27697,1.27697,1.26956,3.5,1.2,10.0,SL,59,closed
-0.01,2024-08-27T19:53:00.000Z,2024-08-27T14:05:00.000Z,22090,GBPUSD,SHORT,London Open Liquidity Scalp,-0.0002,0.28,50.96,-0.4211,1.0441,1.2935,1.2908,1.2935,1.2908,1.5,1.29272,1.29262,1.29456,1.28996,3.5,1.2,10.0,BE,348,closed
-23.02,2025-10-08T14:18:00.000Z,2025-10-08T08:08:00.000Z,22091,EURUSD,LONG,London Open Liquidity Scalp,-0.4874,0.23,47.23,-0.4046,0.3669,1.06532,1.06692,1.06692,1.06409,2.5,1.06616,1.06409,1.06409,1.07134,3.0,0.8,10.0,SL,370,closed
2.21,2024-05-15T17:06:00.000Z,2024-05-15T14:07:00.000Z,22092,XAUUSD,LONG,London Open Liquidity Scalp,0.0442,2.15,50.04,-0.1376,1.4834,2063.09,2063.467,2063.467,2063.09,3.0,2063.122,2063.122,2062.889,2063.82,4.0,2.5,1.0,BE,179,closed
-44.08,2024-01-05T14:23:00.000Z,2024-01-05T09:20:00.000Z,22093,EURUSD,LONG,London Open Liquidity Scalp,-0.9595,0.25,45.94,-1.0935,1.3708,1.09853,1.10315,1.10315,1.09853,1.5,1.10058,1.09871,1.09871,1.10339,3.0,0.8,10.0,SL,303,closed
-41.19,2025-07-17T16:32:00.000Z,2025-07-17T13:08:00.000Z,22094,USDJPY,SHORT,London Open Liquidity Scalp,-0.7518,0.43,54.79,-0.5638,0.3995,148.435,148.3,148.496,148.3,2.5,148.356,148.496,148.496,148.006,3.0,0.9,9.2,SL,204,closed
49.07,2025-04-17T13:53:00.000Z,2025-04-17T09:40:00.000Z,22095,EURUSD,LONG,London Open Liquidity Scalp,0.907,0.23,54.1,-0.5875,2.1178,1.0853,1.09179,1.09179,1.0853,1.5,1.08671,1.08888,1.08431,1.09031,3.0,0.8,10.0,MANUAL,253,closed
76.81,2025-05-20T21:32:00.000Z,2025-05-20T15:23:00.000Z,22096,XAUUSD,SHORT,London Open Liquidity Scalp,1.8684,3.12,41.11,-0.3986,2.0943,2048.536,2048.207,2048.536,2048.153,2.5,2048.483,2048.153,2048.615,2048.153,4.0,2.5,1.0,TP,369,closed
131.58,2025-01-04T09:33:00.000Z,2025-01-04T08:39:00.000Z,22097,NQ,LONG,London Open Liquidity Scalp,3.0248,0.52,43.5,-0.3049,4.524,18297.54512,18317.58796,18317.58796,18297.54512,3.0,18298.8106,18311.26243,18294.65999,18311.26243,4.5,0.75,5.0,TP,54,closed
-38.74,2025-08-03T11:03:00.000Z,2025-08-03T08:34:00.000Z,22098,GBPUSD,SHORT,London Open Liquidity Scalp,-0.8281,0.21,46.78,-1.0811,0.5349,1.23739,1.23379,1.23739,1.23379,1.5,1.23498,1.23682,1.23721,1.23164,3.5,1.2,10.0,STOP_OUT,149,closed
-33.76,2025-02-06T18:21:00.000Z,2025-02-06T15:38:00.000Z,22099,EURUSD,SHORT,London Open Liquidity Scalp,-0.7365,0.32,45.84,-1.1569,0.6559,1.11189,1.10929,1.11189,1.10929,2.0,1.11023,1.11167,1.11167,1.10736,3.0,0.8,10.0,SL,163,closed
-47.63,2024-08-31T10:16:00.000Z,2024-08-31T07:32:00.000Z,22100,EURUSD,SHORT,London Open Liquidity Scalp,-0.989,0.18,48.16,-0.7418,0.5947,1.06917,1.06569,1.06982,1.06569,3.0,1.06724,1.06982,1.06984,1.05943,3.0,0.8,10.0,MANUAL,164,closed
73.92,2024-02-24T19:04:00.000Z,2024-02-24T13:52:00.000Z,22101,XAUUSD,SHORT,London Open Liquidity Scalp,1.6634,3.62,44.44,-0.4792,2.5982,2084.249,2083.871,2084.249,2083.822,3.0,2084.19,2083.822,2084.313,2083.822,4.0,2.5,1.0,TP,312,closed
-5.97,2024-12-15T20:30:00.000Z,2024-12-15T13:35:00.000Z,22102,NQ,SHORT,London Open Liquidity Scalp,-0.127,0.52,47.02,-0.5764,0.9034,18211.64804,18204.92874,18211.64804,18204.92874,2.0,18209.03085,18208.78085,18213.57159,18199.94937,4.5,0.75,5.0,BE,415,closed
76.71,2025-07-24T18:30:00.000Z,2025-07-24T15:14:00.000Z,22103,GBPUSD,SHORT,London Open Liquidity Scalp,1.8728,0.19,40.96,-0.8395,2.7171,1.28489,1.27742,1.28489,1.27742,2.5,1.28313,1.27919,1.28523,1.27788,3.5,1.2,10.0,Trailing SL,196,closed
-1.6,2024-07-01T10:28:00.000Z,2024-07-01T09:33:00.000Z,22104,XAUUSD,SHORT,London Open Liquidity Scalp,-0.033,2.77,48.49,-0.1807,0.2407,2067.572,2067.498,2067.572,2067.498,1.5,2067.54,2067.53,2067.715,2067.277,4.0,2.5,1.0,BE,55,closed
-33.74,2025-03-26T15:27:00.000Z,2025-03-26T09:01:00.000Z,22105,USDJPY,SHORT,London Open Liquidity Scalp,-0.7868,0.27,42.88,-0.7686,0.9529,148.899,148.603,148.903,148.603,2.5,148.767,148.903,148.939,148.336,3.0,0.9,9.2,MANUAL,386,closed
36.2,2025-10-26T15:16:00.000Z,2025-10-26T09:39:00.000Z,22106,GBPUSD,LONG,London Open Liquidity Scalp,0.7977,0.17,45.38,-0.7212,2.2176,1.24773,1.25568,1.25568,1.24773,1.5,1.24968,1.25374,1.24697,1.25374,3.5,1.2,10.0,TP,337,closed
22.65,2025-01-28T17:49:00.000Z,2025-01-28T14:22:00.000Z,22107,USDJPY,SHORT,London Open Liquidity Scalp,0.526,0.22,43.06,-0.4465,2.1405,150.945,150.402,150.945,150.402,1.5,150.851,150.536,151.061,150.536,3.0,0.9,9.2,TP,207,closed
1.68,2025-01-15T16:12:00.000Z,2025-01-15T14:12:00.000Z,22108,GBPUSD,SHORT,London Open Liquidity Scalp,0.0349,0.21,48.13,-0.1297,1.4352,1.24582,1.2422,1.24582,1.2422,2.0,1.24552,1.24552,1.24783,1.2409,3.5,1.2,10.0,BE,120,closed
-34.62,2025-09-17T21:18:00.000Z,2025-09-17T15:05:00.000Z,22109,USDJPY,LONG,London Open Liquidity Scalp,-0.8344,0.26,41.49,-0.6258,0.8061,148.35,148.597,148.597,148.286,3.0,148.458,148.286,148.286,148.975,3.0,0.9,9.2,SL,373,closed
-46.02,2024-01-24T11:40:00.000Z,2024-01-24T10:13:00.000Z,22110,NQ,LONG,London Open Liquidity Scalp,-0.8524,0.6,53.99,-0.6393,1.8864,18362.43337,18373.74321,18373.74321,18360.81819,2.5,18365.29609,18360.81819,18360.81819,18376.49085,4.5,0.75,5.0,SL,87,closed
51.78,2024-04-25T20:25:00.000Z,2024-04-25T15:45:00.000Z,22111,USDJPY,SHORT,London Open Liquidity Scalp,1.1947,0.19,43.34,-0.6119,2.1486,149.141,148.442,149.141,148.442,3.0,148.986,148.683,149.239,148.226,3.0,0.9,9.2,MANUAL,280,closed
66.73,2025-10-22T09:26:00.000Z,2025-10-22T08:10:00.000Z,22112,NQ,LONG,London Open Liquidity Scalp,1.2522,0.61,53.29,-0.1708,2.8037,18168.41837,18181.38147,18181.38147,18168.41837,1.5,18169.16284,18175.6999,18164.8048,18175.6999,4.5,0.75,5.0,TP,76,closed
56.77,2025-12-16T11:55:00.000Z,2025-12-16T09:48:00.000Z,22113,GBPUSD,SHORT,London Open Liquidity Scalp,1.3604,0.3,41.73,-0.2439,3.0218,1.25217,1.24763,1.25217,1.24763,3.0,1.25183,1.24766,1.25322,1.24766,3.5,1.2,10.0,TP,127,closed
-0.27,2024-09-20T16:46:00.000Z,2024-09-20T14:11:00.000Z,22114,GBPUSD,LONG,London Open Liquidity Scalp,-0.0067,0.17,40.6,-0.4229,0.5746,1.2598,1.26221,1.26221,1.2598,3.0,1.26082,1.26092,1.2584,1.26807,3.5,1.2,10.0,BE,155,closed
-42.69,2024-12-10T20:14:00.000Z,2024-12-10T14:01:00.000Z,22115,GBPUSD,SHORT,London Open Liquidity Scalp,-0.9198,0.25,46.41,-0.6898,1.9089,1.26194,1.25713,1.26236,1.25713,2.0,1.26066,1.26236,1.26251,1.25696,3.5,1.2,10.0,STOP_OUT,373,closed
0.01,2024-12-27T11:44:00.000Z,2024-12-27T08:00:00.000Z,22116,EURUSD,LONG,London Open Liquidity Scalp,0.0002,0.17,46.73,-0.2882,0.3439,1.08369,1.08546,1.08546,1.08369,1.5,1.0845,1.0846,1.0817,1.0887,3.0,0.8,10.0,BE,224,closed
-3.85,2024-06-28T16:26:00.000Z,2024-06-28T14:38:00.000Z,22117,XAUUSD,SHORT,London Open Liquidity Scalp,-0.0776,4.11,49.62,-0.166,1.5067,2030.213,2030.011,2030.213,2030.011,3.0,2030.193,2030.193,2030.314,2029.831,4.0,2.5,1.0,BE,108,closed
-6.71,2024-12-25T18:37:00.000Z,2024-12-25T15:32:00.000Z,22118,EURUSD,SHORT,London Open Liquidity Scalp,-0.1429,0.21,46.96,-0.4822,1.1018,1.10234,1.09873,1.10234,1.09873,3.0,1.10124,1.10114,1.10352,1.0944,3.0,0.8,10.0,BE,185,closed
-31.33,2024-05-16T16:08:00.000Z,2024-05-16T15:01:00.000Z,22119,EURUSD,SHORT,London Open Liquidity Scalp,-0.7096,0.2,44.15,-1.0922,1.4844,1.06329,1.05747,1.06329,1.05747,1.5,1.06082,1.06308,1.06308,1.05743,3.0,0.8,10.0,SL,67,closed
-33.23,2023-12-20T17:05:00.000Z,2023-12-20T13:05:00.000Z,22120,EURUSD,SHORT,London Open Liquidity Scalp,-0.7225,0.19,45.99,-0.5419,1.5348,1.07691,1.07178,1.07736,1.07178,2.5,1.07557,1.07736,1.07804,1.06939,3.0,0.8,10.0,STOP_OUT,240,closed
79.03,2024-04-28T12:48:00.000Z,2024-04-28T10:17:00.000Z,22121,GBPUSD,LONG,London Open Liquidity Scalp,1.7076,0.18,46.28,-0.8452,3.0858,1.26601,1.27621,1.27621,1.26601,2.5,1.2682,1.27469,1.2656,1.27469,3.5,1.2,10.0,TP,151,closed
73.18,2024-02-07T10:55:00.000Z,2024-02-07T07:50:00.000Z,22122,NQ,SHORT,London Open Liquidity Scalp,1.3557,0.7,53.98,-0.7071,2.8086,18494.57169,18481.07201,18494.57169,18480.33706,3.0,18491.85662,18480.33706,18495.69647,18480.33706,4.5,0.75,5.0,TP,185,closed
-4.99,2025-01-02T10:46:00.000Z,2025-01-02T09:47:00.000Z,22123,GBPUSD,SHORT,London Open Liquidity Scalp,-0.0912,0.37,54.71,-0.409,0.4779,1.28676,1.28546,1.28676,1.28546,3.0,1.28616,1.28606,1.28763,1.28175,3.5,1.2,10.0,BE,59,closed
-48.43,2025-09-17T19:13:00.000Z,2025-09-17T15:13:00.000Z,22124,GBPUSD,SHORT,London Open Liquidity Scalp,-0.9308,0.29,52.03,-1.1596,0.7653,1.2674,1.26388,1.2674,1.26388,2.0,1.26528,1.26698,1.2671,1.26163,3.5,1.2,10.0,STOP_OUT,240,closed
57.03,2024-08-12T14:51:00.000Z,2024-08-12T13:12:00.000Z,22125,XAUUSD,LONG,London Open Liquidity Scalp,1.1725,1.87,48.64,-0.5175,1.8041,2062.337,2062.939,2063.25,2062.337,3.0,2062.471,2063.25,2062.211,2063.25,4.0,2.5,1.0,TP,99,closed
-0.06,2024-03-30T19:17:00.000Z,2024-03-30T15:43:00.000Z,22126,GBPUSD,LONG,London Open Liquidity Scalp,-0.0011,0.28,52.52,-0.1009,1.9184,1.26361,1.26743,1.26743,1.26361,2.5,1.2638,1.2638,1.26191,1.26853,3.5,1.2,10.0,BE,214,closed
-46.94,2025-11-12T10:36:00.000Z,2025-11-12T09:02:00.000Z,22127,XAUUSD,LONG,London Open Liquidity Scalp,-0.8784,2.3,53.44,-0.6588,1.8795,1989.029,1989.618,1989.618,1988.978,2.0,1989.182,1988.978,1988.95,1989.646,4.0,2.5,1.0,MANUAL,94,closed
53.86,2024-08-11T11:36:00.000Z,2024-08-11T10:34:00.000Z,22128,GBPUSD,SHORT,London Open Liquidity Scalp,1.2139,0.17,44.37,-0.3594,1.9674,1.29413,1.28796,1.29413,1.28788,2.0,1.29318,1.28788,1.29583,1.28788,3.5,1.2,10.0,TP,62,closed
-1.82,2025-10-05T19:06:00.000Z,2025-10-05T15:01:00.000Z,22129,GBPUSD,LONG,London Open Liquidity Scalp,-0.0449,0.21,40.56,-0.2811,0.6283,1.26116,1.26292,1.26292,1.26116,3.0,1.2617,1.2618,1.25976,1.26751,3.5,1.2,10.0,BE,245,closed
131.5,2025-07-04T19:08:00.000Z,2025-07-04T15:47:00.000Z,22130,XAUUSD,LONG,London Open Liquidity Scalp,2.6091,2.31,50.4,-0.3341,3.0727,2060.675,2061.42,2061.42,2060.675,2.5,2060.748,2061.294,2060.529,2061.294,4.0,2.5,1.0,TP,201,closed
-45.02,2025-08-24T21:07:00.000Z,2025-08-24T15:01:00.000Z,22131,XAUUSD,LONG,London Open Liquidity Scalp,-0.8418,2.38,53.48,-0.6313,0.2325,2068.012,2068.206,2068.206,2067.929,2.5,2068.154,2067.929,2067.929,2068.715,4.0,2.5,1.0,SL,366,closed
27.51,2025-06-14T17:38:00.000Z,2025-06-14T15:06:00.000Z,22132,EURUSD,SHORT,London Open Liquidity Scalp,0.622,0.34,44.23,-0.3503,2.0119,1.06107,1.05801,1.06107,1.05801,3.0,1.06062,1.05981,1.06192,1.05672,3.0,0.8,10.0,MANUAL,152,closed
35.88,2025-05-07T16:07:00.000Z,2025-05-07T15:42:00.000Z,22133,USDJPY,SHORT,London Open Liquidity Scalp,0.7421,0.19,48.35,-0.1842,1.9892,149.079,148.486,149.079,148.486,1.5,149.029,148.826,149.302,148.62,3.0,0.9,9.2,Trailing SL,25,closed
74.48,2025-10-28T09:59:00.000Z,2025-10-28T07:45:00.000Z,22134,XAUUSD,LONG,London Open Liquidity Scalp,1.4384,2.49,51.78,-0.2533,1.9773,2039.646,2040.11,2040.11,2039.646,2.0,2039.699,2039.998,2039.491,2040.115,4.0,2.5,1.0,Trailing SL,134,closed
-34.2,2024-07-05T17:06:00.000Z,2024-07-05T14:23:00.000Z,22135,GBPUSD,SHORT,London Open Liquidity Scalp,-0.6835,0.37,50.04,-0.5338,0.5359,1.28924,1.2878,1.28944,1.2878,2.0,1.28852,1.28944,1.28987,1.28583,3.5,1.2,10.0,STOP_OUT,163,closed
70.12,2024-08-28T20:29:00.000Z,2024-08-28T15:09:00.000Z,22136,NQ,SHORT,London Open Liquidity Scalp,1.6395,0.47,42.77,-0.2095,1.8654,18044.50527,18035.07754,18044.50527,18034.46594,2.0,18043.55352,18034.46594,18048.09731,18034.46594,4.5,0.75,5.0,TP,320,closed
90.1,2025-02-13T16:13:00.000Z,2025-02-13T09:55:00.000Z,22137,USDJPY,LONG,London Open Liquidity Scalp,1.9029,0.3,47.35,-0.3969,3.3212,148.77,149.399,149.399,148.77,3.0,148.837,149.345,148.668,149.345,3.0,0.9,9.2,TP,378,closed
101.45,2024-06-20T11:51:00.000Z,2024-06-20T09:52:00.000Z,22138,GBPUSD,LONG,London Open Liquidity Scalp,2.2844,0.19,44.41,-0.2856,3.7056,1.28188,1.29116,1.29116,1.28188,3.0,1.28254,1.28952,1.28021,1.28952,3.5,1.2,10.0,TP,119,closed
40.01,2025-04-08T15:15:00.000Z,2025-04-08T14:27:00.000Z,22139,NQ,LONG,London Open Liquidity Scalp,0.8052,0.6,49.69,-0.1908,1.2545,18603.59728,18609.57045,18609.57045,18603.59728,1.5,18604.38587,18607.71327,18600.25309,18610.58504,4.5,0.75,5.0,Trailing SL,48,closed
-20.61,2024-08-30T13:45:00.000Z,2024-08-30T13:21:00.000Z,22140,GBPUSD,SHORT,London Open Liquidity Scalp,-0.4094,0.35,50.34,-0.537,0.9881,1.24634,1.24415,1.24634,1.24415,3.0,1.24557,1.24616,1.24701,1.24126,3.5,1.2,10.0,STOP_OUT,24,closed
65.14,2023-12-17T12:56:00.000Z,2023-12-17T07:31:00.000Z,22141,EURUSD,LONG,London Open Liquidity Scalp,1.205,0.22,54.06,-0.4265,1.6497,1.07592,1.08111,1.08111,1.07592,1.5,1.07699,1.08074,1.07449,1.08074,3.0,0.8,10.0,TP,325,closed
76.34,2025-03-19T17:28:00.000Z,2025-03-19T13:06:00.000Z,22142,EURUSD,SHORT,London Open Liquidity Scalp,1.7908,0.2,42.63,-0.3817,3.2874,1.09184,1.08389,1.09184,1.08389,2.0,1.09101,1.08713,1.09318,1.08668,3.0,0.8,10.0,MANUAL,262,closed
68.7,2024-07-05T21:34:00.000Z,2024-07-05T15:34:00.000Z,22143,EURUSD,LONG,London Open Liquidity Scalp,1.2532,0.25,54.82,-0.376,2.0769,1.08086,1.08627,1.08627,1.08086,1.5,1.08169,1.08445,1.07949,1.085,3.0,0.8,10.0,Trailing SL,360,closed
-37.16,2025-07-29T16:43:00.000Z,2025-07-29T13:36:00.000Z,22144,EURUSD,SHORT,London Open Liquidity Scalp,-0.699,0.43,53.16,-1.1845,1.142,1.09659,1.09373,1.09659,1.09373,2.5,1.09513,1.09599,1.09636,1.09206,3.0,0.8,10.0,MANUAL,187,closed
3.05,2024-02-08T13:51:00.000Z,2024-02-08T09:31:00.000Z,22145,GBPUSD,LONG,London Open Liquidity Scalp,0.0695,0.21,43.86,-0.1591,1.3215,1.24155,1.24468,1.24468,1.24155,3.0,1.24189,1.24189,1.23978,1.24821,3.5,1.2,10.0,BE,260,closed
-35.07,2023-12-12T11:24:00.000Z,2023-12-12T09:58:00.000Z,22146,USDJPY,LONG,London Open Liquidity Scalp,-0.674,0.27,52.03,-0.5055,0.4848,150.637,150.847,150.847,150.532,2.0,150.744,150.532,150.532,151.168,3.0,0.9,9.2,SL,86,closed
-45.58,2024-08-02T15:01:00.000Z,2024-08-02T08:40:00.000Z,22147,XAUUSD,SHORT,London Open Liquidity Scalp,-0.9794,2.68,46.54,-0.8605,0.8151,2084.9,2084.61,2084.921,2084.61,2.5,2084.751,2084.921,2084.924,2084.317,4.0,2.5,1.0,MANUAL,381,closed
125.88,2025-04-18T18:22:00.000Z,2025-04-18T15:10:00.000Z,22148,XAUUSD,SHORT,London Open Liquidity Scalp,3.0391,1.52,41.42,-0.4203,4.7289,2064.985,2063.579,2064.985,2063.579,3.0,2064.87,2064.051,2065.143,2064.051,4.0,2.5,1.0,TP,192,closed
38.33,2024-10-02T19:26:00.000Z,2024-10-02T13:10:00.000Z,22149,XAUUSD,LONG,London Open Liquidity Scalp,0.7119,2.0,53.84,-0.3203,1.9449,1997.307,1997.918,1997.932,1997.307,2.0,1997.393,1997.932,1997.123,1997.932,4.0,2.5,1.0,TP,376,closed
0.07,2024-11-19T12:28:00.000Z,2024-11-19T07:59:00.000Z,22150,GBPUSD,LONG,London Open Liquidity Scalp,0.0014,0.3,48.55,-0.1012,1.5837,1.2585,1.26124,1.26124,1.2585,2.0,1.25866,1.25866,1.25703,1.26192,3.5,1.2,10.0,BE,269,closed
0.96,2024-05-01T14:45:00.000Z,2024-05-01T14:21:00.000Z,22151,USDJPY,LONG,London Open Liquidity Scalp,0.0235,0.26,40.81,-0.3437,0.8038,150.286,150.48,150.48,150.286,1.5,150.344,150.354,150.175,150.598,3.0,0.9,9.2,BE,24,closed
-0.43,2024-12-09T20:39:00.000Z,2024-12-09T14:32:00.000Z,22152,XAUUSD,SHORT,London Open Liquidity Scalp,-0.0102,2.97,42.18,-0.1815,0.3476,2019.042,2018.967,2019.042,2018.967,3.0,2019.016,2019.006,2019.158,2018.59,4.0,2.5,1.0,BE,367,closed
-19.54,2025-07-16T11:02:00.000Z,2025-07-16T07:29:00.000Z,22153,XAUUSD,SHORT,London Open Liquidity Scalp,-0.429,2.55,45.55,-0.8241,0.7026,2006.795,2006.522,2006.827,2006.522,2.0,2006.648,2006.827,2006.827,2006.29,4.0,2.5,1.0,SL,213,closed
83.36,2024-03-22T10:04:00.000Z,2024-03-22T07:25:00.000Z,22154,XAUUSD,LONG,London Open Liquidity Scalp,2.0721,3.32,40.23,-0.3757,3.5308,1996.682,1997.154,1997.154,1996.682,3.0,1996.727,1997.09,1996.606,1997.09,4.0,2.5,1.0,TP,159,closed
-27.32,2024-03-27T10:09:00.000Z,2024-03-27T08:23:00.000Z,22155,EURUSD,LONG,London Open Liquidity Scalp,-0.6226,0.31,43.88,-0.8655,1.3146,1.10666,1.10973,1.10973,1.10666,1.5,1.10788,1.107,1.10647,1.10999,3.0,0.8,10.0,MANUAL,106,closed
92.49,2024-04-07T17:00:00.000Z,2024-04-07T15:32:00.000Z,22156,EURUSD,SHORT,London Open Liquidity Scalp,2.1625,0.18,42.77,-0.3219,2.6089,1.08509,1.07809,1.08509,1.07809,3.0,1.08432,1.07916,1.08671,1.07716,3.0,0.8,10.0,MANUAL,88,closed
-47.82,2025-02-08T19:17:00.000Z,2025-02-08T15:17:00.000Z,22157,XAUUSD,LONG,London Open Liquidity Scalp,-0.9367,1.85,51.05,-0.7025,0.2732,2060.579,2060.848,2060.848,2060.515,1.5,2060.773,2060.515,2060.497,2061.186,4.0,2.5,1.0,MANUAL,240,closed
96.35,2025-11-15T14:04:00.000Z,2025-11-15T09:57:00.000Z,22158,EURUSD,LONG,London Open Liquidity Scalp,2.3045,0.3,41.81,-0.5628,2.7567,1.07624,1.08088,1.08122,1.07624,3.0,1.07703,1.08122,1.07563,1.08122,3.0,0.8,10.0,TP,247,closed
120.04,2024-04-06T18:35:00.000Z,2024-04-06T14:36:00.000Z,22159,GBPUSD,LONG,London Open Liquidity Scalp,2.4624,0.35,48.75,-0.2336,3.0091,1.24018,1.24474,1.24474,1.24018,2.5,1.24051,1.24403,1.2391,1.24403,3.5,1.2,10.0,TP,239,closed
68.4,2024-09-07T11:51:00.000Z,2024-09-07T07:01:00.000Z,22160,EURUSD,SHORT,London Open Liquidity Scalp,1.6977,0.29,40.29,-0.5259,3.3982,1.06886,1.06339,1.06886,1.06339,2.0,1.06813,1.06534,1.06953,1.06534,3.0,0.8,10.0,TP,290,closed
78.93,2023-12-21T17:48:00.000Z,2023-12-21T14:00:00.000Z,22161,EURUSD,LONG,London Open Liquidity Scalp,1.5686,0.37,50.32,-0.6532,2.0398,1.09394,1.09757,1.09819,1.09394,2.5,1.09482,1.09819,1.09347,1.09819,3.0,0.8,10.0,TP,228,closed
-0.7,2023-12-09T20:21:00.000Z,2023-12-09T15:05:00.000Z,22162,XAUUSD,SHORT,London Open Liquidity Scalp,-0.0141,2.11,49.64,-0.112,1.8428,2075.569,2075.109,2075.569,2075.109,2.5,2075.543,2075.543,2075.779,2074.954,4.0,2.5,1.0,BE,316,closed
-1.43,2025-12-08T22:03:00.000Z,2025-12-08T15:43:00.000Z,22163,GBPUSD,LONG,London Open Liquidity Scalp,-0.029,0.23,49.24,-0.1247,1.3227,1.2557,1.25885,1.25885,1.2557,2.5,1.25597,1.25597,1.2538,1.26141,3.5,1.2,10.0,BE,380,closed
41.02,2025-06-01T13:15:00.000Z,2025-06-01T09:40:00.000Z,22164,XAUUSD,SHORT,London Open Liquidity Scalp,0.9183,2.25,44.67,-0.7665,1.3835,1986.252,1985.826,1986.252,1985.803,1.5,1986.1,1985.803,1986.298,1985.803,4.0,2.5,1.0,TP,215,closed
-22.09,2024-09-15T10:49:00.000Z,2024-09-15T08:33:00.000Z,22165,XAUUSD,LONG,London Open Liquidity Scalp,-0.5115,2.49,43.19,-0.3836,1.1791,2021.489,2021.761,2021.761,2021.467,2.0,2021.556,2021.467,2021.382,2021.903,4.0,2.5,1.0,MANUAL,136,closed
57.76,2024-06-06T14:24:00.000Z,2024-06-06T08:40:00.000Z,22166,USDJPY,LONG,London Open Liquidity Scalp,1.3613,0.38,42.43,-0.3854,2.9796,147.801,148.206,148.206,147.801,1.5,147.847,148.028,147.727,148.028,3.0,0.9,9.2,TP,344,closed
-44.37,2024-11-05T11:52:00.000Z,2024-11-05T10:08:00.000Z,22167,USDJPY,SHORT,London Open Liquidity Scalp,-0.8194,0.26,54.15,-0.6146,0.5402,151.725,151.466,151.77,151.466,1.5,151.587,151.77,151.811,151.251,3.0,0.9,9.2,STOP_OUT,104,closed
-38.95,2025-09-28T16:13:00.000Z,2025-09-28T10:13:00.000Z,22168,GBPUSD,SHORT,London Open Liquidity Scalp,-0.8188,0.17,47.57,-0.6166,0.2392,1.29623,1.29386,1.29679,1.29386,3.0,1.29452,1.29679,1.2973,1.28619,3.5,1.2,10.0,STOP_OUT,360,closed
59.09,2025-06-28T15:27:00.000Z,2025-06-28T13:54:00.000Z,22169,XAUUSD,SHORT,London Open Liquidity Scalp,1.2178,1.91,48.52,-0.4663,2.7065,2081.58,2080.775,2081.58,2080.775,2.0,2081.462,2080.955,2081.716,2080.955,4.0,2.5,1.0,TP,93,closed
-42.13,2025-08-28T10:55:00.000Z,2025-08-28T10:00:00.000Z,22170,XAUUSD,LONG,London Open Liquidity Scalp,-0.7898,2.32,53.34,-1.0593,1.0689,2063.179,2063.667,2063.667,2063.179,3.0,2063.422,2063.192,2063.192,2064.111,4.0,2.5,1.0,SL,55,closed
-31.97,2023-12-13T13:08:00.000Z,2023-12-13T09:04:00.000Z,22171,USDJPY,LONG,London Open Liquidity Scalp,-0.7606,0.29,42.03,-0.5705,0.5238,145.032,145.205,145.205,145.002,1.5,145.122,145.002,144.964,145.359,3.0,0.9,9.2,STOP_OUT,244,closed
22.11,2025-08-21T16:41:00.000Z,2025-08-21T13:20:00.000Z,22172,NQ,LONG,London Open Liquidity Scalp,0.4659,0.56,47.46,-0.496,1.3459,18617.93074,18625.67263,18632.62509,18617.93074,3.0,18620.01558,18632.62509,18615.81241,18632.62509,4.5,0.75,5.0,TP,201,closed
46.94,2024-11-24T10:48:00.000Z,2024-11-24T09:20:00.000Z,22173,XAUUSD,LONG,London Open Liquidity Scalp,1.124,2.4,41.76,-0.8396,1.2963,2075.506,2075.877,2075.877,2075.506,2.5,2075.652,2075.847,2075.478,2076.086,4.0,2.5,1.0,MANUAL,88,closed
-20.66,2025-06-30T16:27:00.000Z,2025-06-30T14:53:00.000Z,22174,NQ,SHORT,London Open Liquidity Scalp,-0.4844,0.64,42.65,-0.66,1.0477,18367.58378,18361.87809,18368.71979,18361.87809,2.5,18365.37863,18368.71979,18368.71979,18357.02572,4.5,0.75,5.0,SL,94,closed
-22.77,2024-01-28T18:55:00.000Z,2024-01-28T13:32:00.000Z,22175,EURUSD,LONG,London Open Liquidity Scalp,-0.4375,0.32,52.04,-0.3281,1.2195,1.09541,1.09795,1.09795,1.09431,2.5,1.09595,1.09431,1.09431,1.10005,3.0,0.8,10.0,SL,323,closed
58.59,2024-02-13T10:26:00.000Z,2024-02-13T08:06:00.000Z,22176,GBPUSD,LONG,London Open Liquidity Scalp,1.1026,0.25,53.14,-0.6675,1.7976,1.25092,1.25621,1.25665,1.25092,2.0,1.25235,1.25665,1.2502,1.25665,3.5,1.2,10.0,TP,140,closed
55.77,2024-07-04T16:45:00.000Z,2024-07-04T14:50:00.000Z,22177,EURUSD,SHORT,London Open Liquidity Scalp,1.2952,0.23,43.06,-0.5953,2.4897,1.09845,1.0928,1.09845,1.0928,2.5,1.09736,1.09499,1.09919,1.09278,3.0,0.8,10.0,MANUAL,115,closed
-15.92,2024-01-11T13:08:00.000Z,2024-01-11T10:02:00.000Z,22178,EURUSD,LONG,London Open Liquidity Scalp,-0.3727,0.17,42.71,-0.6578,0.2102,1.10622,1.10841,1.10841,1.10622,3.0,1.10788,1.10694,1.10536,1.11544,3.0,0.8,10.0,MANUAL,186,closed
-35.89,2024-01-14T14:41:00.000Z,2024-01-14T09:02:00.000Z,22179,EURUSD,LONG,London Open Liquidity Scalp,-0.8959,0.17,40.06,-1.1831,0.2038,1.08037,1.08369,1.08369,1.08037,2.5,1.0832,1.08106,1.08081,1.08918,3.0,0.8,10.0,STOP_OUT,339,closed
75.04,2025-05-24T13:16:00.000Z,2025-05-24T08:56:00.000Z,22180,EURUSD,LONG,London Open Liquidity Scalp,1.4359,0.42,52.26,-0.4332,2.5347,1.08844,1.09212,1.09212,1.08844,1.5,1.08898,1.09084,1.08774,1.09084,3.0,0.8,10.0,TP,260,closed
1.16,2025-08-09T10:52:00.000Z,2025-08-09T08:23:00.000Z,22181,EURUSD,SHORT,London Open Liquidity Scalp,0.0289,0.17,40.18,-0.1603,1.209,1.05921,1.05599,1.05921,1.05599,3.0,1.05883,1.05873,1.06118,1.05178,3.0,0.8,10.0,BE,149,closed
3.47,2024-04-04T10:35:00.000Z,2024-04-04T08:41:00.000Z,22182,XAUUSD,LONG,London Open Liquidity Scalp,0.0809,1.91,42.87,-0.1688,1.1446,1990.477,1990.772,1990.772,1990.477,2.5,1990.515,1990.515,1990.29,1991.077,4.0,2.5,1.0,BE,114,closed
-36.76,2024-12-18T14:29:00.000Z,2024-12-18T09:20:00.000Z,22183,XAUUSD,LONG,London Open Liquidity Scalp,-0.7238,3.87,50.79,-0.9967,1.4353,2076.662,2076.982,2076.982,2076.662,1.5,2076.793,2076.662,2076.662,2076.99,4.0,2.5,1.0,SL,309,closed
-34.19,2025-10-06T20:24:00.000Z,2025-10-06T15:13:00.000Z,22184,USDJPY,SHORT,London Open Liquidity Scalp,-0.6883,0.23,49.67,-0.9104,0.9857,147.309,146.868,147.329,146.868,2.0,147.097,147.329,147.329,146.632,3.0,0.9,9.2,SL,311,closed
-37.39,2024-01-31T13:31:00.000Z,2024-01-31T07:49:00.000Z,22185,USDJPY,SHORT,London Open Liquidity Scalp,-0.7293,0.24,51.27,-0.547,1.6842,145.254,144.735,145.297,144.735,2.0,145.127,145.297,145.36,144.662,3.0,0.9,9.2,MANUAL,342,closed
-4.3,2025-08-12T17:41:00.000Z,2025-08-12T13:11:00.000Z,22186,GBPUSD,LONG,London Open Liquidity Scalp,-0.0815,0.21,52.73,-0.4757,0.5391,1.24642,1.24896,1.24896,1.24642,2.0,1.24761,1.24771,1.2451,1.25262,3.5,1.2,10.0,BE,270,closed
84.33,2024-06-03T11:38:00.000Z,2024-06-03T07:46:00.000Z,22187,EURUSD,SHORT,London Open Liquidity Scalp,2.0781,0.15,40.58,-0.5846,3.8754,1.06818,1.05594,1.06818,1.05594,2.5,1.06658,1.06088,1.06933,1.05972,3.0,0.8,10.0,MANUAL,232,closed
-0.82,2024-05-14T22:04:00.000Z,2024-05-14T15:30:00.000Z,22188,XAUUSD,LONG,London Open Liquidity Scalp,-0.0149,3.68,54.88,-0.4634,1.0272,2075.644,2075.866,2075.866,2075.644,1.5,2075.713,2075.723,2075.564,2075.937,4.0,2.5,1.0,BE,394,closed
-33.59,2025-10-15T12:42:00.000Z,2025-10-15T08:19:00.000Z,22189,EURUSD,SHORT,London Open Liquidity Scalp,-0.6396,0.21,52.52,-0.9812,0.512,1.08124,1.07744,1.08124,1.07744,1.5,1.07874,1.08037,1.08129,1.07492,3.0,0.8,10.0,STOP_OUT,263,closed
1.77,2025-08-24T17:08:00.000Z,2025-08-24T14:05:00.000Z,22190,GBPUSD,LONG,London Open Liquidity Scalp,0.039,0.23,45.35,-0.1331,1.5811,1.26832,1.27174,1.27174,1.26832,2.0,1.26859,1.26859,1.2666,1.27258,3.5,1.2,10.0,BE,183,closed
-2.86,2024-12-24T19:32:00.000Z,2024-12-24T13:50:00.000Z,22191,XAUUSD,SHORT,London Open Liquidity Scalp,-0.0663,3.49,43.14,-0.4828,0.3216,2001.829,2001.729,2001.829,2001.729,3.0,2001.769,2001.759,2001.893,2001.398,4.0,2.5,1.0,BE,342,closed
74.27,2025-11-15T20:54:00.000Z,2025-11-15T15:33:00.000Z,22192,GBPUSD,SHORT,London Open Liquidity Scalp,1.3895,0.24,53.45,-0.5382,2.1522,1.2903,1.28434,1.2903,1.28434,1.5,1.28911,1.28578,1.29133,1.28578,3.5,1.2,10.0,TP,321,closed
80.8,2025-11-25T12:32:00.000Z,2025-11-25T10:56:00.000Z,22193,XAUUSD,LONG,London Open Liquidity Scalp,1.5063,2.21,53.64,-0.85,2.7008,2080.582,2081.442,2081.442,2080.582,1.5,2080.788,2081.153,2080.546,2081.151,4.0,2.5,1.0,Trailing SL,96,closed
67.43,2025-02-18T15:45:00.000Z,2025-02-18T09:03:00.000Z,22194,XAUUSD,SHORT,London Open Liquidity Scalp,1.6629,2.89,40.55,-0.2163,3.2517,2035.917,2035.431,2035.917,2035.431,2.0,2035.887,2035.606,2036.027,2035.606,4.0,2.5,1.0,TP,402,closed
-22.97,2025-11-29T14:43:00.000Z,2025-11-29T07:57:00.000Z,22195,XAUUSD,SHORT,London Open Liquidity Scalp,-0.5122,3.14,44.85,-0.5894,1.5931,2050.84,2050.529,2050.84,2050.529,2.5,2050.756,2050.829,2050.899,2050.399,4.0,2.5,1.0,STOP_OUT,406,closed
-16.59,2024-10-13T12:47:00.000Z,2024-10-13T07:34:00.000Z,22196,GBPUSD,LONG,London Open Liquidity Scalp,-0.3722,0.32,44.57,-0.5039,1.2394,1.27111,1.27354,1.27354,1.27041,3.0,1.27181,1.27041,1.27041,1.276,3.5,1.2,10.0,SL,313,closed
-41.58,2025-04-22T10:22:00.000Z,2025-04-22T08:11:00.000Z,22197,GBPUSD,LONG,London Open Liquidity Scalp,-0.9761,0.27,42.6,-0.8208,0.5011,1.24947,1.25156,1.25156,1.24919,3.0,1.25077,1.24919,1.24919,1.25551,3.5,1.2,10.0,SL,131,closed
141.68,2024-09-09T14:02:00.000Z,2024-09-09T07:29:00.000Z,22198,EURUSD,SHORT,London Open Liquidity Scalp,3.0528,0.33,46.41,-0.2804,4.2636,1.08905,1.08259,1.08905,1.08259,3.0,1.08865,1.08438,1.09007,1.08438,3.0,0.8,10.0,TP,393,closed
121.06,2024-06-23T13:57:00.000Z,2024-06-23T10:39:00.000Z,22199,USDJPY,LONG,London Open Liquidity Scalp,2.6352,0.24,45.94,-0.5329,3.9278,147.031,147.968,147.968,147.031,3.0,147.143,147.697,146.933,147.773,3.0,0.9,9.2,Trailing SL,198,closed
79.26,2025-05-17T18:22:00.000Z,2025-05-17T14:02:00.000Z,22200,GBPUSD,LONG,London Open Liquidity Scalp,1.5408,0.33,51.44,-0.8264,3.2404,1.25154,1.2579,1.2579,1.25154,1.5,1.25283,1.25518,1.25127,1.25518,3.5,1.2,10.0,TP,260,closed
